newcatc,newcat,velocity,weightpercentw,diametermm,thicknessmm,heightin,craterdiameterfromouteredgesmm,whenbreakupstartsframe,breakuplocation,inflectionpoint,retraction,category,comments,craterdiameterfromouteredgesmmno,rownum,blocknum,pcat1,pcat2,pcat3,pcat4,pcat5,pcatmax,rho,sigma,nu,pi1,pi2,pi3,pi4,pi5,pi6,lpi1,lpi2,lpi3,lpi4,lpi5,_clus_2,splash,predsplash,issplash,newcat1,aaa1,aaa2,aaa3,aaa4,aaa5
"Splash","Splash",6.3534391,.1,.01,.0005,81,37.8,"54","B","N","N","BUP","",45.4,1,1,1.095e-06,.00003925,.00425778,.00801706,.98768482,.98768482,1000,13,.23,3105.0914,2.457e+09,.06143668,.05,13.75066,275.01318,8.0407984,21.622397,-2.7897482,-2.9957322,2.6210868,4,1,1,1,"Splash",.07561849,.13611774,.34429477,.08624671,.35772228
"Splash","Splash",6.3534391,.1,.01,.0015,81,54.3,"107","T","N","N","SD","",65.1,2,2,3.545e-06,.00012701,.01364655,.02500898,.96121392,.96121392,1000,13,.23,3105.0914,2.457e+09,.55293007,.15,40.889824,272.59882,8.0407984,21.622397,-.59252375,-1.89712,3.7108812,4,1,1,1,"Splash",.03134638,.06470616,.23524659,.08399532,.58470555
"Splash","Splash",6.3534391,.1,.01,.003,81,59.7,"N","N","N","Sheet","SD","",71.6,3,3,.00002064,.00073895,.0744505,.11501588,.80977404,.80977404,1000,13,.23,3105.0914,2.457e+09,2.2117203,.30000001,80.716718,269.05572,8.0407984,21.622397,.79377061,-1.2039728,4.3909457,4,1,.9991627,1,"Splash",.00822963,.0182945,.08619548,.04134602,.84593438
"Broken Sheet","Broken Sheet",6.3534391,.1,.01,.004,81,57.2,"N","N","N","Sheet","Stick","Sheet Stick",68.6,4,4,.00006678,.0023872,.20589832,.22353691,.56811079,.56811079,1000,13,.23,3105.0914,2.457e+09,3.9319474,.40000003,106.69776,266.74438,8.0407984,21.622397,1.3691348,-.91629066,4.6700002,4,0,.0550025,0,"Broken or Intact Sheet",.00340344,.00768581,.03859684,.02004205,.93027186
"Splash","Splash",6.3534391,.1,.015,.0005,81,57.3,"81","B","N","N","BUP","Cool Sheet Expansion",68.7,5,5,3.105e-07,.00001113,.00121067,.00229983,.99647806,.99647806,1000,13,.23,3105.0914,1.092e+09,.06143668,.03333334,13.75066,412.51977,8.0407984,20.811467,-2.7897482,-3.4011973,2.6210868,5,1,1,1,"Splash",.07561849,.13611774,.34429477,.08624671,.35772228
"Splash","Splash",6.3534391,.1,.015,.0015,81,56.7,"97","T","Y","N","SD","",68,6,6,1.005e-06,.00003601,.00390719,.0073644,.98869141,.98869141,1000,13,.23,3105.0914,1.092e+09,.55293007,.1,40.889824,408.89823,8.0407984,20.811467,-.59252375,-2.3025851,3.7108812,5,1,1,1,"Splash",.03134638,.06470616,.23524659,.08399532,.58470555
"Splash","Splash",6.3534391,.1,.015,.003,81,82.1,"192","T","N","N","SD","",98.5,7,7,5.850e-06,.00020958,.02231798,.03989771,.93756889,.93756889,1000,13,.23,3105.0914,1.092e+09,2.2117203,.20000001,80.716718,403.58358,8.0407984,20.811467,.79377061,-1.6094379,4.3909457,5,1,1,1,"Splash",.00822963,.0182945,.08619548,.04134602,.84593438
"Splash","Splash",6.3534391,.1,.015,.004,81,75.5,"117","M","Y","Sheet","SD","Lop-sided droplet",90.6,8,8,.00001893,.0006779,.06872724,.10786384,.82271208,.82271208,1000,13,.23,3105.0914,1.092e+09,3.9319474,.26666669,106.69776,400.11657,8.0407984,20.811467,1.3691348,-1.3217558,4.6700002,5,1,.9998559,1,"Splash",.00340344,.00768581,.03859684,.02004205,.93027186
"Splash","Splash",6.3534391,.1,.02,.0005,81,74.3,"90","B","N","N","BUP","",89.2,9,9,8.801e-08,3.154e-06,.00034348,.00065413,.99899914,.99899914,1000,13,.23,3105.0914,6.144e+08,.06143668,.025,13.75066,550.02637,8.0407984,20.236103,-2.7897482,-3.6888794,2.6210868,1,1,1,1,"Splash",.07561849,.13611774,.34429477,.08624671,.35772228
"Splash","Splash",6.3534391,.1,.02,.0015,81,74.9,"104","M","N","N","SD","",89.9,10,10,2.848e-07,.00001021,.0011107,.00211053,.99676828,.99676828,1000,13,.23,3105.0914,6.144e+08,.55293007,.075,40.889824,545.19763,8.0407984,20.236103,-.59252375,-2.5902671,3.7108812,1,1,1,1,"Splash",.03134638,.06470616,.23524659,.08399532,.58470555
"Splash","Splash",6.3534391,.1,.02,.003,81,96.8,"159","M","Y","N","SD","Silo",116.1,11,11,1.658e-06,.00005942,.00643107,.01203331,.98147455,.98147455,1000,13,.23,3105.0914,6.144e+08,2.2117203,.15,80.716718,538.11144,8.0407984,20.236103,.79377061,-1.89712,4.3909457,1,1,1,1,"Splash",.00822963,.0182945,.08619548,.04134602,.84593438
"Splash","Splash",6.3534391,.1,.02,.004,81,92.6,"211","M","N","N","SD","",111.1,12,12,5.366e-06,.00019226,.02051151,.03685788,.94243299,.94243299,1000,13,.23,3105.0914,6.144e+08,3.9319474,.20000001,106.69776,533.48877,8.0407984,20.236103,1.3691348,-1.6094378,4.6700002,1,1,1,1,"Splash",.00340344,.00768581,.03859684,.02004205,.93027186
"Splash","Splash",6.3534391,.1,.025,.0005,81,96.2,"91","B","N","N","BUP","Wide",115.4,13,13,2.495e-08,8.940e-07,.00009739,.0001856,.99971609,.99971609,1000,13,.23,3105.0914,3.932e+08,.06143668,.02,13.75066,687.53298,8.0407984,19.789815,-2.7897482,-3.912023,2.6210868,2,1,1,1,"Splash",.07561849,.13611774,.34429477,.08624671,.35772228
"Splash","Splash",6.3534391,.1,.025,.0015,81,101.5,"105","B","N","N","BUP","BAD - Half of Droplet Off Surface",121.8,14,14,8.073e-08,2.893e-06,.00031509,.00060012,.99908181,.99908181,1000,13,.23,3105.0914,3.932e+08,.55293007,.06,40.889824,681.49707,8.0407984,19.789815,-.59252375,-2.8134107,3.7108812,2,1,1,1,"Splash",.03134638,.06470616,.23524659,.08399532,.58470555
"Splash","Splash",6.3534391,.1,.025,.003,81,113.3,"146","M","N","N","SD","BAD - Half of Droplet Off Surface",136,15,15,4.700e-07,.00001684,.00183155,.00347301,.99467813,.99467813,1000,13,.23,3105.0914,3.932e+08,2.2117203,.12,80.716718,672.63932,8.0407984,19.789815,.79377061,-2.1202635,4.3909457,2,1,1,1,"Splash",.00822963,.0182945,.08619548,.04134602,.84593438
"Splash","Splash",6.3534391,.1,.025,.004,81,109.8,"587","M","Y","N","SD","",131.7,16,16,1.521e-06,.0000545,.00590261,.01106138,.98297999,.98297999,1000,13,.23,3105.0914,3.932e+08,3.9319474,.16000001,106.69776,666.86098,8.0407984,19.789815,1.3691348,-1.8325814,4.6700002,2,1,1,1,"Splash",.00340344,.00768581,.03859684,.02004205,.93027186
"Splash","Splash",6.3534391,.15,.01,.0005,81,33.6,"54","T","N","N","DIS","",40.3,17,1,1.733e-06,.00006208,.00671786,.01255952,.98065881,.98065881,1000,33,.49,1223.2178,1.374e+09,.03436069,.05,6.4489219,128.97843,7.1092402,21.041303,-3.3708422,-2.9957322,1.863913,5,1,.9997456,1,"Splash",.09501247,.16134636,.36010845,.08089632,.30263641
"Splash","Splash",6.3534391,.15,.01,.0015,81,39.5,"83","N","N","N","DIS","",47.4,18,2,5.607e-06,.00020089,.02141241,.03837788,.94000321,.94000321,1000,33,.49,1223.2178,1.374e+09,.30924615,.15,19.144897,127.63265,7.1092402,21.041303,-1.1736177,-1.89712,2.9520362,5,1,.9836497,1,"Splash",.06369991,.11890162,.32758217,.08872858,.40108773
"Broken Sheet","Broken Sheet",6.3534391,.15,.01,.003,81,44.8,"129","M","N","Sheet","Stick","",53.8,19,3,.00003264,.00116831,.11277687,.15693439,.72908779,.72908779,1000,33,.49,1223.2178,1.374e+09,1.2369846,.30000001,37.699746,125.66582,7.1092402,21.041303,.21267665,-1.2039728,3.6296534,5,0,.0679247,0,"Broken or Intact Sheet",.03483088,.0711123,.24993357,.08610796,.55801529
"Intact Sheet","Intact Sheet",6.3534391,.15,.01,.004,81,47.9,"N","N","N","N","Stick","Castle",57.5,20,4,.00010562,.00377047,.29006012,.25203259,.4540312,.4540312,1000,33,.49,1223.2178,1.374e+09,2.1990839,.40000003,49.755176,124.38793,7.1092402,21.041303,.78804088,-.91629066,3.9071145,5,0,.0006122,0,"Broken or Intact Sheet",.02334501,.04943039,.19513368,.07619397,.65589696
"Splash","Splash",6.3534391,.15,.015,.0005,81,46,"55","T","N","N","DIS","",55.2,21,5,4.911e-07,.0000176,.00191363,.00362778,.9944405,.9944405,1000,33,.49,1223.2178,6.109e+08,.03436069,.03333334,6.4489219,193.46764,7.1092402,20.230373,-3.3708422,-3.4011973,1.863913,1,1,.9999992,1,"Splash",.09501247,.16134636,.36010845,.08089632,.30263641
"Splash","Splash",6.3534391,.15,.015,.0015,81,51.9,"84","M","N","N","DIS","Droplet on edge, Bad test",62.3,22,6,1.589e-06,.00005695,.00616598,.01154614,.98222934,.98222934,1000,33,.49,1223.2178,6.109e+08,.30924615,.1,19.144897,191.44897,7.1092402,20.230373,-1.1736177,-2.3025851,2.9520362,1,1,.999947,1,"Splash",.06369991,.11890162,.32758217,.08872858,.40108773
"Splash","Splash",6.3534391,.15,.015,.003,81,56.7,"91","M","N","N","SD","",68,23,7,9.253e-06,.00033146,.03484071,.06010913,.90470945,.90470945,1000,33,.49,1223.2178,6.109e+08,1.2369846,.20000001,37.699746,188.49873,7.1092402,20.230373,.21267665,-1.6094379,3.6296534,1,1,.9535996,1,"Splash",.03483088,.0711123,.24993357,.08610796,.55801529
"Splash","Splash",6.3534391,.15,.015,.004,81,60.8,"142","M","N","N","Ring","Droplet on Edge",72.9,24,8,.00002994,.00107184,.10444799,.14865936,.74579087,.74579087,1000,33,.49,1223.2178,6.109e+08,2.1990839,.26666669,49.755176,186.5819,7.1092402,20.230373,.78804088,-1.3217558,3.9071145,1,1,.138888,0,"Splash",.02334501,.04943039,.19513368,.07619397,.65589696
"Splash","Splash",6.3534391,.15,.02,.0005,81,59,"59","T","N","N","DIS","",70.8,25,9,1.392e-07,4.989e-06,.0005432,.00103388,.9984178,.9984178,1000,33,.49,1223.2178,3.436e+08,.03436069,.025,6.4489219,257.95686,7.1092402,19.655009,-3.3708422,-3.6888794,1.863913,2,1,1,1,"Splash",.09501247,.16134636,.36010845,.08089632,.30263641
"Splash","Splash",6.3534391,.15,.02,.0015,81,69.7,"90","M","N","N","DIS","",83.6,26,10,4.505e-07,.00001614,.00175571,.00332993,.99489776,.99489776,1000,33,.49,1223.2178,3.436e+08,.30924615,.075,19.144897,255.26529,7.1092402,19.655009,-1.1736177,-2.5902671,2.9520362,2,1,.9999997,1,"Splash",.06369991,.11890162,.32758217,.08872858,.40108773
"Splash","Splash",6.3534391,.15,.02,.003,81,70.8,"115","M","N","N","DIS","",85,27,11,2.623e-06,.00009398,.01013382,.0187601,.97100947,.97100947,1000,33,.49,1223.2178,3.436e+08,1.2369846,.15,37.699746,251.33163,7.1092402,19.655009,.21267665,-1.89712,3.6296534,2,1,.9996787,1,"Splash",.03483088,.0711123,.24993357,.08610796,.55801529
"Splash","Splash",6.3534391,.15,.02,.004,81,76.7,"145","M","N","N","Ring","",92,28,12,8.488e-06,.00030407,.03205453,.05573982,.91189309,.91189309,1000,33,.49,1223.2178,3.436e+08,2.1990839,.20000001,49.755176,248.77586,7.1092402,19.655009,.78804088,-1.6094378,3.9071145,2,1,.9583931,1,"Splash",.02334501,.04943039,.19513368,.07619397,.65589696
"Splash","Splash",6.3534391,.15,.025,.0005,81,71.4,"74","T","N","N","DIS","",85.7,29,13,3.946e-08,1.414e-06,.00015404,.00029351,.999551,.999551,1000,33,.49,1223.2178,2.199e+08,.03436069,.02,6.4489219,322.44608,7.1092402,19.208721,-3.3708422,-3.912023,1.863913,2,1,1,1,"Splash",.09501247,.16134636,.36010845,.08089632,.30263641
"Splash","Splash",6.3534391,.15,.025,.0015,81,80.2,"85","M","N","N","DIS","",96.2,30,14,1.277e-07,4.576e-06,.00049831,.00094857,.99854841,.99854841,1000,33,.49,1223.2178,2.199e+08,.30924615,.06,19.144897,319.08162,7.1092402,19.208721,-1.1736177,-2.8134107,2.9520362,2,1,1,1,"Splash",.06369991,.11890162,.32758217,.08872858,.40108773
"Splash","Splash",6.3534391,.15,.025,.003,81,75.5,"98","M","Y","N","SD","Horrible test",90.6,31,15,7.435e-07,.00002664,.00289395,.00547065,.99160802,.99160802,1000,33,.49,1223.2178,2.199e+08,1.2369846,.12,37.699746,314.16455,7.1092402,19.208721,.21267665,-2.1202635,3.6296534,2,1,.9999974,1,"Splash",.03483088,.0711123,.24993357,.08610796,.55801529
"Splash","Splash",6.3534391,.15,.025,.004,81,82.7,"107","M","Y","N","SD","Horrible Test, Droplet on Edge",99.2,32,16,2.406e-06,.00008621,.009304,.01726514,.97334225,.97334225,1000,33,.49,1223.2178,2.199e+08,2.1990839,.16000001,49.755176,310.96984,7.1092402,19.208721,.78804088,-1.8325814,3.9071145,2,1,.999639,1,"Splash",.02334501,.04943039,.19513368,.07619397,.65589696
"Splash","Splash",6.3534391,.25,.01,.0005,81,30.7,"55","M","N","N","DIS","",36.8,33,1,4.335e-06,.00015532,.01663694,.03022878,.95297463,.95297463,1000,64,.96,630.72169,6.944e+08,.01736111,.05,3.2918125,65.836245,6.4468647,20.358623,-4.0535225,-2.9957322,1.1914383,1,1,.7023231,1,"Splash",.10470278,.17275691,.36417431,.0780022,.28036379
"Broken Sheet","Broken Sheet",6.3534391,.25,.01,.0015,81,33.1,"68","M","N","Sheet","Stick","",39.7,34,2,.00001403,.00050246,.05187266,.08531324,.86229761,.86229761,1000,64,.96,630.72169,6.944e+08,.15625,.15,9.7734198,65.15613,6.4468647,20.358623,-1.856298,-1.89712,2.2796664,1,0,.2239932,0,"Broken or Intact Sheet",.08568355,.14962345,.35397001,.08358802,.32713497
"Intact Sheet","Intact Sheet",6.3534391,.25,.01,.003,81,37.8,"N","N","N","N","Stuck","",45.3,35,3,.00008166,.0029177,.24048848,.23829202,.51822015,.51822015,1000,64,.96,630.72169,6.944e+08,.62500001,.30000001,19.248571,64.161902,6.4468647,20.358623,-.47000361,-1.2039728,2.9574368,1,0,.0097592,0,"Broken or Intact Sheet",.06348894,.11858441,.32722501,.0887626,.40193903
"Intact Sheet","Intact Sheet",6.3534391,.25,.01,.004,81,46.1,"N","N","N","N","Stuck","",55.3,36,4,.00026423,.00937758,.50054269,.24035326,.24946224,.50054269,1000,64,.96,630.72169,6.944e+08,1.1111112,.40000003,25.40631,63.51577,6.4468647,20.358623,.10536061,-.91629066,3.2349976,1,0,.0008899,0,"Broken or Intact Sheet",.05206888,.10073436,.30399944,.08980497,.45339234
"Splash","Splash",6.3534391,.25,.015,.0005,81,40.8,"56","M","N","N","DIS","",48.9,37,5,1.229e-06,.00004403,.00477391,.00897547,.98620536,.98620536,1000,64,.96,630.72169,3.086e+08,.01736111,.03333334,3.2918125,98.754368,6.4468647,19.547693,-4.0535225,-3.4011973,1.1914383,2,1,.9784958,1,"Splash",.10470278,.17275691,.36417431,.0780022,.28036379
"Splash","Splash",6.3534391,.25,.015,.0015,81,45.4,"71","M","N","N","SD","",54.5,38,6,3.977e-06,.00014248,.01528298,.02787668,.95669388,.95669388,1000,64,.96,630.72169,3.086e+08,.15625,.1,9.7734198,97.734195,6.4468647,19.547693,-1.856298,-2.3025851,2.2796664,2,1,.8416548,1,"Splash",.08568355,.14962345,.35397001,.08358802,.32713497
"Intact Sheet","Intact Sheet",6.3534391,.25,.015,.003,81,48.9,"N","N","N","N","Stick","Castle",58.7,39,7,.00002315,.00082888,.08275363,.12495938,.79143496,.79143496,1000,64,.96,630.72169,3.086e+08,.62500001,.20000001,19.248571,96.242853,6.4468647,19.547693,-.47000361,-1.6094379,2.9574368,2,0,.1449224,0,"Broken or Intact Sheet",.06348894,.11858441,.32722501,.0887626,.40193903
"Intact Sheet","Intact Sheet",6.3534391,.25,.015,.004,81,53.7,"N","N","Y","N","Stuck","",64.4,40,8,.00007491,.00267717,.22519488,.23233651,.53971653,.53971653,1000,64,.96,630.72169,3.086e+08,1.1111112,.26666669,25.40631,95.273655,6.4468647,19.547693,.10536061,-1.3217558,3.2349976,2,0,.0144323,0,"Broken or Intact Sheet",.05206888,.10073436,.30399944,.08980497,.45339234
"Splash","Splash",6.3534391,.25,.02,.0005,81,50.1,"60","M","N","N","DIS","",60.1,41,9,3.483e-07,.00001248,.00135794,.00257849,.99605074,.99605074,1000,64,.96,630.72169,1.736e+08,.01736111,.025,3.2918125,131.67249,6.4468647,18.972328,-4.0535225,-3.6888794,1.1914383,3,1,.9984254,1,"Splash",.10470278,.17275691,.36417431,.0780022,.28036379
"Splash","Splash",6.3534391,.25,.02,.0015,81,59,"78","M","N","N","SD","",70.8,42,10,1.127e-06,.00004039,.00438101,.00824615,.98733133,.98733133,1000,64,.96,630.72169,1.736e+08,.15625,.075,9.7734198,130.31226,6.4468647,18.972328,-1.856298,-2.5902671,2.2796664,3,1,.9862,1,"Splash",.08568355,.14962345,.35397001,.08358802,.32713497
"Splash","Splash",6.3534391,.25,.02,.003,81,63.2,"97","M","N","N","Ring","",75.8,43,11,6.562e-06,.0002351,.0249674,.04429835,.93049258,.93049258,1000,64,.96,630.72169,1.736e+08,.62500001,.15,19.248571,128.3238,6.4468647,18.972328,-.47000361,-1.89712,2.9574368,3,1,.6836966,1,"Splash",.06348894,.11858441,.32722501,.0887626,.40193903
"Intact Sheet","Intact Sheet",6.3534391,.25,.02,.004,81,70.2,"N","N","Y","N","Stick","",84.2,44,12,.00002124,.00076041,.07644606,.11745184,.80532045,.80532045,1000,64,.96,630.72169,1.736e+08,1.1111112,.20000001,25.40631,127.03154,6.4468647,18.972328,.10536061,-1.6094378,3.2349976,3,0,.152838,0,"Broken or Intact Sheet",.05206888,.10073436,.30399944,.08980497,.45339234
"Splash","Splash",6.3534391,.25,.025,.0005,81,63.8,"55","M","N","N","DIS","",76.5,45,13,9.873e-08,3.538e-06,.00038531,.00073369,.99887736,.99887736,1000,64,.96,630.72169,1.111e+08,.01736111,.02,3.2918125,164.59062,6.4468647,18.526041,-4.0535225,-3.912023,1.1914383,3,1,.9998758,1,"Splash",.10470278,.17275691,.36417431,.0780022,.28036379
"Splash","Splash",6.3534391,.25,.025,.0015,81,70.8,"76","M","N","N","SD","",85,46,14,3.195e-07,.00001145,.00124583,.00236637,.99637604,.99637604,1000,64,.96,630.72169,1.111e+08,.15625,.06,9.7734198,162.89033,6.4468647,18.526041,-1.856298,-2.8134107,2.2796664,3,1,.9988633,1,"Splash",.08568355,.14962345,.35397001,.08358802,.32713497
"Splash","Splash",6.3534391,.25,.025,.003,81,75.3,"88","M","N","N","Ring","",90.4,47,15,1.860e-06,.00006665,.0072087,.01345808,.9792647,.9792647,1000,64,.96,630.72169,1.111e+08,.62500001,.12,19.248571,160.40476,6.4468647,18.526041,-.47000361,-2.1202635,2.9574368,3,1,.9620799,1,"Splash",.06348894,.11858441,.32722501,.0887626,.40193903
"Splash","Splash",6.3534391,.25,.025,.004,81,79.7,"94","M","Y","N","SD","",95.6,48,16,6.020e-06,.00021567,.02295162,.04095639,.9358703,.9358703,1000,64,.96,630.72169,1.111e+08,1.1111112,.16000001,25.40631,158.78943,6.4468647,18.526041,.10536061,-1.8325814,3.2349976,3,1,.672582,1,"Splash",.05206888,.10073436,.30399944,.08980497,.45339234
"Intact Sheet","Intact Sheet",6.3534391,1,.01,.0005,81,30.1,"N","N","N","N","Stuck","",36.1,49,1,.00419081,.13002435,.80891874,.03641884,.02044725,.80891874,1000,106,2.1,380.81309,2.404e+08,.00600907,.05,1.5067384,30.134765,5.9423087,19.29766,-5.1144851,-2.9957322,.40994729,2,0,.0699723,0,"Broken or Intact Sheet",.11056022,.17929261,.36568277,.07624126,.26822315
"Intact Sheet","Intact Sheet",6.3534391,1,.01,.0015,81,33,"N","N","N","N","Stuck","",39.6,50,2,.01343633,.32064191,.64763109,.0118818,.00640887,.64763109,1000,106,2.1,380.81309,2.404e+08,.05408163,.15,4.4847261,29.898173,5.9423087,19.29766,-2.9172606,-1.89712,1.5006774,2,0,.0294634,0,"Broken or Intact Sheet",.10094271,.16841945,.36284555,.07913089,.28866139
"Crater","Crater",6.3534391,1,.01,.003,81,33.1,"N","N","N","Y","Stuck","Fill back",39.7,51,3,.07346295,.67147535,.25187157,.0020834,.00110673,.67147535,1000,106,2.1,380.81309,2.404e+08,.21632653,.30000001,8.865051,29.550169,5.9423087,19.29766,-1.5309663,-1.2039728,2.1821167,2,0,.0071458,0,"Crater",.08814678,.15279135,.35583018,.08289222,.32033947
"Crater","Crater",6.3534391,1,.01,.004,81,29.5,"N","N","N","Y","Stuck","Fill back",35.4,52,4,.20419518,.7001263,.09469057,.0006457,.00034225,.7001263,1000,106,2.1,380.81309,2.404e+08,.38458054,.40000003,11.729054,29.322633,5.9423087,19.29766,-.95560206,-.91629066,2.462069,2,0,.0026092,0,"Crater",.0805911,.14290456,.34951629,.084977,.34201106
"Intact Sheet","Intact Sheet",6.3534391,1,.015,.0005,81,37.9,"N","N","N","Y","Stuck","",45.5,53,5,.00119151,.04090122,.78250667,.10681132,.06858929,.78250667,1000,106,2.1,380.81309,1.068e+08,.00600907,.03333334,1.5067384,45.202148,5.9423087,18.48673,-5.1144851,-3.4011973,.40994729,3,0,.2150306,0,"Broken or Intact Sheet",.11056022,.17929261,.36568277,.07624126,.26822315
"Intact Sheet","Intact Sheet",6.3534391,1,.015,.0015,81,47.2,"N","N","N","N","Stuck","",56.6,54,6,.00384569,.12065525,.81382422,.03942587,.02224898,.81382422,1000,106,2.1,380.81309,1.068e+08,.05408163,.1,4.4847261,44.847259,5.9423087,18.48673,-2.9172606,-2.3025851,1.5006774,3,0,.0969038,0,"Broken or Intact Sheet",.10094271,.16841945,.36284555,.07913089,.28866139
"Intact Sheet","Intact Sheet",6.3534391,1,.015,.003,81,45.4,"N","N","N","N","Stuck","",54.5,55,7,.02198087,.43093704,.53591786,.00727076,.00389348,.53591786,1000,106,2.1,380.81309,1.068e+08,.21632653,.20000001,8.865051,44.325254,5.9423087,18.48673,-1.5309663,-1.6094379,2.1821167,3,0,.02376,0,"Broken or Intact Sheet",.08814678,.15279135,.35583018,.08289222,.32033947
"Intact Sheet","Intact Sheet",6.3534391,1,.015,.004,81,49.6,"N","N","N","N","Stuck","",59.5,56,8,.0678015,.66039811,.26832376,.00227028,.00120635,.66039811,1000,106,2.1,380.81309,1.068e+08,.38458054,.26666669,11.729054,43.983949,5.9423087,18.48673,-.95560206,-1.3217558,2.462069,3,0,.0085176,0,"Broken or Intact Sheet",.0805911,.14290456,.34951629,.084977,.34201106
"Broken Sheet","Broken Sheet",6.3534391,1,.02,.0005,81,58.8,"N","N","N","Y","Stuck","Sheet retraction",70.5,57,9,.00033803,.01196464,.55899345,.2224867,.20621718,.55899345,1000,106,2.1,380.81309,60090706,.00600907,.025,1.5067384,60.26953,5.9423087,17.911366,-5.1144851,-3.6888794,.40994729,3,0,.4721077,0,"Broken or Intact Sheet",.11056022,.17929261,.36568277,.07624126,.26822315
"Intact Sheet","Intact Sheet",6.3534391,1,.02,.0015,81,68.4,"N","N","N","Y","Stuck","Sheet retraction",82.1,58,10,.00109311,.03765462,.77301983,.11392115,.07431128,.77301983,1000,106,2.1,380.81309,60090706,.05408163,.075,4.4847261,59.796346,5.9423087,17.911366,-2.9172606,-2.5902671,1.5006774,3,0,.2557485,0,"Broken or Intact Sheet",.10094271,.16841945,.36284555,.07913089,.28866139
"Intact Sheet","Intact Sheet",6.3534391,1,.02,.003,81,61.9,"N","N","N","N","Stuck","",74.3,59,11,.0063304,.18373706,.77162799,.02470288,.01360166,.77162799,1000,106,2.1,380.81309,60090706,.21632653,.15,8.865051,59.100338,5.9423087,17.911366,-1.5309663,-1.89712,2.1821167,3,0,.0704103,0,"Broken or Intact Sheet",.08814678,.15279135,.35583018,.08289222,.32033947
"Intact Sheet","Intact Sheet",6.3534391,1,.02,.004,81,61.9,"N","N","N","N","Stuck","",74.3,60,12,.0202004,.41143628,.55620519,.00791526,.00424287,.55620519,1000,106,2.1,380.81309,60090706,.38458054,.20000001,11.729054,58.645265,5.9423087,17.911366,-.95560206,-1.6094378,2.462069,3,0,.0255637,0,"Broken or Intact Sheet",.0805911,.14290456,.34951629,.084977,.34201106
"Broken Sheet","Broken Sheet",6.3534391,1,.025,.0005,81,77.2,"94","M","N","Y","Stick","Sheet retraction",92.6,61,13,.00009584,.00342249,.27065661,.24761028,.47821478,.47821478,1000,106,2.1,380.81309,38458049,.00600907,.02,1.5067384,75.336916,5.9423087,17.465079,-5.1144851,-3.912023,.40994729,3,0,.7389512,1,"Broken or Intact Sheet",.11056022,.17929261,.36568277,.07624126,.26822315
"Intact Sheet","Intact Sheet",6.3534391,1,.025,.0015,81,82.6,"N","N","Y","Y","Stuck","Sheet retraction",99.1,62,14,.0003101,.01098699,.53874793,.22925491,.22070007,.53874793,1000,106,2.1,380.81309,38458049,.05408163,.06,4.4847261,74.745435,5.9423087,17.465079,-2.9172606,-2.8134107,1.5006774,3,0,.5172266,1,"Broken or Intact Sheet",.10094271,.16841945,.36284555,.07913089,.28866139
"Intact Sheet","Intact Sheet",6.3534391,1,.025,.003,81,88.7,"N","N","Y","N","Stuck","",106.4,63,15,.00180259,.0605683,.81442647,.07681323,.04638941,.81442647,1000,106,2.1,380.81309,38458049,.21632653,.12,8.865051,73.875425,5.9423087,17.465079,-1.5309663,-2.1202635,2.1821167,3,0,.1876024,0,"Broken or Intact Sheet",.08814678,.15279135,.35583018,.08289222,.32033947
"Intact Sheet","Intact Sheet",6.3534391,1,.025,.004,81,90.8,"N","N","N","N","Stuck","",109,64,16,.00581011,.17132773,.78124923,.02680363,.01480931,.78124923,1000,106,2.1,380.81309,38458049,.38458054,.16000001,11.729054,73.306584,5.9423087,17.465079,-.95560206,-1.8325814,2.462069,3,0,.0730539,0,"Broken or Intact Sheet",.0805911,.14290456,.34951629,.084977,.34201106
"Splash","Splash",5.090589,.1,.01,.0005,52,42.6,"84","B","N","N","BUP","",51.1,65,1,9.016e-06,.00032299,.03398073,.05876813,.90691914,.90691914,1000,13,.23,1993.392,2.457e+09,.06143668,.05,11.005401,220.108,7.597593,21.622397,-2.7897482,-2.9957322,2.3983861,4,1,1,1,"Splash",.08244247,.14537398,.35123452,.08448086,.33646816
"Splash","Splash",5.090589,.1,.01,.0015,52,51.8,"104","T","N","N","Fall","",62.2,66,2,.00002918,.00104446,.10205566,.14620059,.75067012,.75067012,1000,13,.23,1993.392,2.457e+09,.55293007,.15,32.655622,217.70414,7.597593,21.622397,-.59252375,-1.89712,3.486017,4,1,.9999831,1,"Splash",.04111359,.08229921,.2728789,.08852646,.51518184
"Broken Sheet","Broken Sheet",5.090589,.1,.01,.003,52,51.8,"N","N","N","Sheet","Fall","",62.2,67,3,.00016984,.00604837,.39477335,.25813481,.34087364,.39477335,1000,13,.23,1993.392,2.457e+09,2.2117203,.30000001,64.258563,214.1952,7.597593,21.622397,.79377061,-1.2039728,4.162915,4,0,.3493851,0,"Broken or Intact Sheet",.01435282,.03128008,.13666458,.05990095,.75780157
"Broken Sheet","Broken Sheet",5.090589,.1,.01,.004,52,55.9,"136","T","N","Sheet","Stick","Sheet Falls on center",67.1,68,4,.00054941,.01929787,.66433516,.17803119,.13778637,.66433516,1000,13,.23,1993.392,2.457e+09,3.9319474,.40000003,84.767241,211.91809,7.597593,21.622397,1.3691348,-.91629066,4.4399092,4,0,.0001364,0,"Broken or Intact Sheet",.00717349,.01600157,.07642557,.03727626,.86312311
"Splash","Splash",5.090589,.1,.015,.0005,52,56.5,"95","B","N","N","BUP","",67.8,69,5,2.556e-06,.00009158,.00987732,.01829877,.97172977,.97172977,1000,13,.23,1993.392,1.092e+09,.06143668,.03333334,11.005401,330.162,7.597593,20.811467,-2.7897482,-3.4011973,2.3983861,5,1,1,1,"Splash",.08244247,.14537398,.35123452,.08448086,.33646816
"Splash","Splash",5.090589,.1,.015,.0015,52,48.5,"108","B","N","N","Fall","",58.2,70,6,8.271e-06,.0002963,.03126106,.05448233,.91395204,.91395204,1000,13,.23,1993.392,1.092e+09,.55293007,.1,32.655622,326.55621,7.597593,20.811467,-.59252375,-2.3025851,3.486017,5,1,1,1,"Splash",.04111359,.08229921,.2728789,.08852646,.51518184
"Splash","Splash",5.090589,.1,.015,.003,52,71.1,"178","T","N","N","Fall","",85.3,71,7,.00004815,.00172235,.15772063,.19455967,.6459492,.6459492,1000,13,.23,1993.392,1.092e+09,2.2117203,.20000001,64.258563,321.29281,7.597593,20.811467,.79377061,-1.6094379,4.162915,5,1,.9998909,1,"Splash",.01435282,.03128008,.13666458,.05990095,.75780157
"Splash","Splash",5.090589,.1,.015,.004,52,74.5,"168","M","Y","Sheet","Stick","Sheet Falls on center",89.4,72,8,.0001558,.00555128,.37474638,.25902812,.36051842,.37474638,1000,13,.23,1993.392,1.092e+09,3.9319474,.26666669,84.767241,317.87713,7.597593,20.811467,1.3691348,-1.3217558,4.4399092,5,1,.6766892,1,"Splash",.00717349,.01600157,.07642557,.03727626,.86312311
"Splash","Splash",5.090589,.1,.02,.0005,52,68.2,"106","B","N","N","BUP","",81.8,73,9,7.244e-07,.00002596,.00282017,.00533231,.99182084,.99182084,1000,13,.23,1993.392,6.144e+08,.06143668,.025,11.005401,440.216,7.597593,20.236103,-2.7897482,-3.6888794,2.3983861,1,1,1,1,"Splash",.08244247,.14537398,.35123452,.08448086,.33646816
"Splash","Splash",5.090589,.1,.02,.0015,52,69.3,"117","M","Y","N","SD","",83.2,74,10,2.344e-06,.00008401,.0090683,.01683921,.97400614,.97400614,1000,13,.23,1993.392,6.144e+08,.55293007,.075,32.655622,435.40827,7.597593,20.236103,-.59252375,-2.5902671,3.486017,1,1,1,1,"Splash",.04111359,.08229921,.2728789,.08852646,.51518184
"Splash","Splash",5.090589,.1,.02,.003,52,92,"107","M","N","N","SD","",110.4,75,11,.00001365,.00048886,.05054011,.08343164,.86552575,.86552575,1000,13,.23,1993.392,6.144e+08,2.2117203,.15,64.258563,428.39041,7.597593,20.236103,.79377061,-1.89712,4.162915,1,1,1,1,"Splash",.01435282,.03128008,.13666458,.05990095,.75780157
"Splash","Splash",5.090589,.1,.02,.004,52,96.7,"123","M","Y","Sheet","Stick","Sheet Falls on center",116,76,12,.00004417,.0015802,.14663638,.1863133,.66542595,.66542595,1000,13,.23,1993.392,6.144e+08,3.9319474,.20000001,84.767241,423.83618,7.597593,20.236103,1.3691348,-1.6094378,4.4399092,1,1,.9999039,1,"Splash",.00717349,.01600157,.07642557,.03727626,.86312311
"Splash","Splash",5.090589,.1,.025,.0005,52,88.2,"113","B","N","N","BUP","",105.8,77,13,2.054e-07,7.359e-06,.00080105,.00152352,.99766787,.99766787,1000,13,.23,1993.392,3.932e+08,.06143668,.02,11.005401,550.27002,7.597593,19.789815,-2.7897482,-3.912023,2.3983861,2,1,1,1,"Splash",.08244247,.14537398,.35123452,.08448086,.33646816
"Splash","Splash",5.090589,.1,.025,.0015,52,85.7,"157","B","N","N","BUP","",102.8,78,14,6.646e-07,.00002381,.00258764,.00489595,.99249193,.99249193,1000,13,.23,1993.392,3.932e+08,.55293007,.06,32.655622,544.26036,7.597593,19.789815,-.59252375,-2.8134107,3.486017,2,1,1,1,"Splash",.04111359,.08229921,.2728789,.08852646,.51518184
"Splash","Splash",5.090589,.1,.025,.003,52,108.9,"174","M","Y","N","SD","",130.7,79,15,3.869e-06,.00013862,.01487532,.02716484,.95781736,.95781736,1000,13,.23,1993.392,3.932e+08,2.2117203,.12,64.258563,535.48803,7.597593,19.789815,.79377061,-2.1202635,4.162915,2,1,1,1,"Splash",.01435282,.03128008,.13666458,.05990095,.75780157
"Splash","Splash",5.090589,.1,.025,.004,52,122.9,"189","M","Y","N","SD","",147.5,80,16,.00001252,.00044846,.04656032,.07772267,.87525602,.87525602,1000,13,.23,1993.392,3.932e+08,3.9319474,.16000001,84.767241,529.79524,7.597593,19.789815,1.3691348,-1.8325814,4.4399092,2,1,1,1,"Splash",.00717349,.01600157,.07642557,.03727626,.86312311
"Splash","Splash",5.090589,.15,.01,.0005,52,32.1,"72","M","N","N","DIS","",38.5,81,1,.00001426,.00051079,.05268751,.0864565,.86033094,.86033094,1000,33,.49,785.27564,1.374e+09,.03436069,.05,5.1603439,103.20687,6.6660348,21.041303,-3.3708422,-2.9957322,1.6410032,5,1,.9666104,1,"Splash",.09886672,.16597607,.36198055,.07975167,.29342498
"Splash","Splash",5.090589,.15,.01,.0015,52,35,"97","M","N","N","Ring","",42,82,2,.00004615,.00165103,.15219626,.19052935,.65557721,.65557721,1000,33,.49,785.27564,1.374e+09,.30924615,.15,15.280207,101.86804,6.6660348,21.041303,-1.1736177,-1.89712,2.7265583,5,1,.4905573,0,"Splash",.0720451,.131099,.33994934,.08708841,.36981815
"Intact Sheet","Intact Sheet",5.090589,.15,.01,.003,52,40.8,"N","N","N","N","Stick","Higher Stick",49,83,3,.00026862,.00953169,.50449779,.23930956,.24639235,.50449779,1000,33,.49,785.27564,1.374e+09,1.2369846,.30000001,29.977108,99.923689,6.6660348,21.041303,.21267665,-1.2039728,3.400434,5,0,.0037187,0,"Broken or Intact Sheet",.04487741,.08878323,.28472309,.08931133,.49230494
"Intact Sheet","Intact Sheet",5.090589,.15,.01,.004,52,41.3,"N","N","N","N","Stick","",49.6,84,4,.00086877,.03016668,.7430636,.13414176,.09175919,.7430636,1000,33,.49,785.27564,1.374e+09,2.1990839,.40000003,39.46727,98.668169,6.6660348,21.041303,.78804088,-.91629066,3.6754717,5,0,.000068,0,"Broken or Intact Sheet",.03285649,.06750042,.24179833,.08498957,.5728552
"Splash","Splash",5.090589,.15,.015,.0005,52,42.5,"73","M","N","N","DIS","",51,85,5,4.043e-06,.00014485,.01553267,.02831184,.9560066,.9560066,1000,33,.49,785.27564,6.109e+08,.03436069,.03333334,5.1603439,154.81031,6.6660348,20.230373,-3.3708422,-3.4011973,1.6410032,1,1,.9997308,1,"Splash",.09886672,.16597607,.36198055,.07975167,.29342498
"Splash","Splash",5.090589,.15,.015,.0015,52,48.9,"97","M","N","N","DIS","",58.7,86,6,.00001308,.00046859,.04854746,.08059005,.87038082,.87038082,1000,33,.49,785.27564,6.109e+08,.30924615,.1,15.280207,152.80207,6.6660348,20.230373,-1.1736177,-2.3025851,2.7265583,1,1,.9913843,1,"Splash",.0720451,.131099,.33994934,.08708841,.36981815
"Splash","Splash",5.090589,.15,.015,.003,52,53.6,"121","M","N","N","Ring","",64.3,87,7,.00007616,.00272148,.22805981,.23351872,.53562383,.53562383,1000,33,.49,785.27564,6.109e+08,1.2369846,.20000001,29.977108,149.88553,6.6660348,20.230373,.21267665,-1.6094379,3.400434,1,1,.2867329,0,"Splash",.04487741,.08878323,.28472309,.08931133,.49230494
"Intact Sheet","Intact Sheet",5.090589,.15,.015,.004,52,56.5,"N","N","N","N","Stick","Castle",67.8,88,8,.00024641,.00875098,.48373294,.24450688,.26276278,.48373294,1000,33,.49,785.27564,6.109e+08,2.1990839,.26666669,39.46727,148.00225,6.6660348,20.230373,.78804088,-1.3217558,3.6754717,1,0,.0068001,0,"Broken or Intact Sheet",.03285649,.06750042,.24179833,.08498957,.5728552
"Splash","Splash",5.090589,.15,.02,.0005,52,56,"76","M","N","N","DIS","",67.2,89,9,1.146e-06,.00004106,.0044534,.00838066,.98712373,.98712373,1000,33,.49,785.27564,3.436e+08,.03436069,.025,5.1603439,206.41374,6.6660348,19.655009,-3.3708422,-3.6888794,1.6410032,2,1,.999996,1,"Splash",.09886672,.16597607,.36198055,.07975167,.29342498
"Splash","Splash",5.090589,.15,.02,.0015,52,63,"90","M","N","N","DIS","",75.6,90,10,3.708e-06,.00013287,.01426725,.02609992,.95949625,.95949625,1000,33,.49,785.27564,3.436e+08,.30924615,.075,15.280207,203.73609,6.6660348,19.655009,-1.1736177,-2.5902671,2.7265583,2,1,.9998624,1,"Splash",.0720451,.131099,.33994934,.08708841,.36981815
"Splash","Splash",5.090589,.15,.02,.003,52,68.1,"135","M","N","N","Ring","",81.7,91,11,.00002159,.00077302,.0776146,.11886458,.8027262,.8027262,1000,33,.49,785.27564,3.436e+08,1.2369846,.15,29.977108,199.84738,6.6660348,19.655009,.21267665,-1.89712,3.400434,2,1,.9587445,1,"Splash",.04487741,.08878323,.28472309,.08931133,.49230494
"Splash","Splash",5.090589,.15,.02,.004,52,74.5,"129","M","N","N","Fall","Droplet on edge",89.4,92,12,.00006986,.00249709,.21332571,.22709985,.55700749,.55700749,1000,33,.49,785.27564,3.436e+08,2.1990839,.20000001,39.46727,197.33634,6.6660348,19.655009,.78804088,-1.6094378,3.6754717,2,1,.2720589,0,"Splash",.03285649,.06750042,.24179833,.08498957,.5728552
"Splash","Splash",5.090589,.15,.025,.0005,52,65.8,"89","T","N","N","DIS","",79,93,13,3.248e-07,.00001164,.00126648,.00240545,.9963161,.9963161,1000,33,.49,785.27564,2.199e+08,.03436069,.02,5.1603439,258.01719,6.6660348,19.208721,-3.3708422,-3.912023,1.6410032,2,1,.9999999,1,"Splash",.09886672,.16597607,.36198055,.07975167,.29342498
"Splash","Splash",5.090589,.15,.025,.0015,52,74.6,"97","M","N","N","DIS","",89.5,94,14,1.051e-06,.00003767,.00408677,.00769888,.98817563,.98817563,1000,33,.49,785.27564,2.199e+08,.30924615,.06,15.280207,254.67012,6.6660348,19.208721,-1.1736177,-2.8134107,2.7265583,2,1,.9999974,1,"Splash",.0720451,.131099,.33994934,.08708841,.36981815
"Splash","Splash",5.090589,.15,.025,.003,52,81.6,"137","M","N","N","Ring","",97.9,95,15,6.120e-06,.00021925,.02332357,.04157602,.93487504,.93487504,1000,33,.49,785.27564,2.199e+08,1.2369846,.12,29.977108,249.80923,6.6660348,19.208721,.21267665,-2.1202635,3.400434,2,1,.9991127,1,"Splash",.04487741,.08878323,.28472309,.08931133,.49230494
"Splash","Splash",5.090589,.15,.025,.004,52,86.8,"132","M","Y","N","Ring","",104.2,96,16,.0000198,.00070917,.07166739,.11156894,.8160347,.8160347,1000,33,.49,785.27564,2.199e+08,2.1990839,.16000001,39.46727,246.67043,6.6660348,19.208721,.78804088,-1.8325814,3.6754717,2,1,.9449686,1,"Splash",.03285649,.06750042,.24179833,.08498957,.5728552
"Splash","Splash",5.090589,.25,.01,.0005,52,26.8,"67","M","N","N","DIS","",32.2,97,1,.00003568,.00127697,.12197122,.16557043,.71114571,.71114571,1000,64,.96,404.90775,6.944e+08,.01736111,.05,2.6341004,52.682004,6.0036593,20.358623,-4.0535225,-2.9957322,.96854171,1,1,.1589887,0,"Splash",.10682839,.17515946,.36479744,.07736301,.27585171
"Intact Sheet","Intact Sheet",5.090589,.25,.01,.0015,52,30.8,"N","N","N","N","Stuck","",37,98,2,.00011546,.00412008,.3085135,.25518826,.4320627,.4320627,1000,64,.96,404.90775,6.944e+08,.15625,.15,7.8008056,52.005369,6.0036593,20.358623,-1.856298,-1.89712,2.054227,1,0,.0332277,0,"Broken or Intact Sheet",.09111395,.1565377,.35783617,.08203831,.31247387
"Intact Sheet","Intact Sheet",5.090589,.25,.01,.003,52,35,"N","N","N","N","Stuck","",42,99,3,.0006718,.02349276,.70181007,.15845191,.11557346,.70181007,1000,64,.96,404.90775,6.944e+08,.62500001,.30000001,15.306717,51.02239,6.0036593,20.358623,-.47000361,-1.2039728,2.7282918,1,0,.0021203,0,"Broken or Intact Sheet",.07198456,.13101293,.33987115,.08710206,.3700293
"Crater","Crater",5.090589,.25,.01,.004,52,33.2,"N","N","N","N","Stuck","",39.8,100,4,.00217081,.07202112,.82135434,.06564128,.03881245,.82135434,1000,64,.96,404.90775,6.944e+08,1.1111112,.40000003,20.154985,50.387458,6.0036593,20.358623,.10536061,-.91629066,3.0034516,1,0,.000285,0,"Crater",.06167203,.11583401,.32405002,.08903729,.40940664
"Splash","Splash",5.090589,.25,.015,.0005,52,40.2,"73","M","N","N","DIS","",48.2,101,5,.00001011,.00036232,.03795981,.06491637,.89675138,.89675138,1000,64,.96,404.90775,3.086e+08,.01736111,.03333334,2.6341004,79.023006,6.0036593,19.547693,-4.0535225,-3.4011973,.96854171,2,1,.6903436,1,"Splash",.10682839,.17515946,.36479744,.07736301,.27585171
"Broken Sheet","Broken Sheet",5.090589,.25,.015,.0015,52,40.2,"99","N","N","N","Stuck","",48.2,102,6,.00003273,.00117153,.11305215,.15720045,.72854314,.72854314,1000,64,.96,404.90775,3.086e+08,.15625,.1,7.8008056,78.008053,6.0036593,19.547693,-1.856298,-2.3025851,2.054227,2,0,.2790466,0,"Broken or Intact Sheet",.09111395,.1565377,.35783617,.08203831,.31247387
"Intact Sheet","Intact Sheet",5.090589,.25,.015,.003,52,43.1,"N","N","N","N","Stuck","",51.7,103,7,.00019052,.00677986,.42191763,.25557296,.31553903,.42191763,1000,64,.96,404.90775,3.086e+08,.62500001,.20000001,15.306717,76.533585,6.0036593,19.547693,-.47000361,-1.6094379,2.7282918,2,0,.0218671,0,"Broken or Intact Sheet",.07198456,.13101293,.33987115,.08710206,.3700293
"Intact Sheet","Intact Sheet",5.090589,.25,.015,.004,52,49.5,"N","N","N","N","Stuck","",59.4,104,8,.0006163,.02159494,.68626723,.16683122,.12469032,.68626723,1000,64,.96,404.90775,3.086e+08,1.1111112,.26666669,20.154985,75.581187,6.0036593,19.547693,.10536061,-1.3217558,3.0034516,2,0,.0028604,0,"Broken or Intact Sheet",.06167203,.11583401,.32405002,.08903729,.40940664
"Splash","Splash",5.090589,.25,.02,.0005,52,47.8,"79","M","N","N","DIS","",57.3,105,9,2.867e-06,.00010273,.01106694,.02043253,.96839494,.96839494,1000,64,.96,404.90775,1.736e+08,.01736111,.025,2.6341004,105.36401,6.0036593,18.972328,-4.0535225,-3.6888794,.96854171,3,1,.9499922,1,"Splash",.10682839,.17515946,.36479744,.07736301,.27585171
"Splash","Splash",5.090589,.25,.02,.0015,52,53.6,"80","M","N","N","SD","",64.3,106,10,9.278e-06,.00033238,.03493343,.06025331,.90447161,.90447161,1000,64,.96,404.90775,1.736e+08,.15625,.075,7.8008056,104.01074,6.0036593,18.972328,-1.856298,-2.5902671,2.054227,3,1,.7609042,1,"Splash",.09111395,.1565377,.35783617,.08203831,.31247387
"Intact Sheet","Intact Sheet",5.090589,.25,.02,.003,52,55.9,"N","N","N","N","Stuck","",67.1,107,11,.00005401,.00193173,.17352362,.20524805,.61924258,.61924258,1000,64,.96,404.90775,1.736e+08,.62500001,.15,15.306717,102.04478,6.0036593,18.972328,-.47000361,-1.89712,2.7282918,3,0,.1485282,0,"Broken or Intact Sheet",.07198456,.13101293,.33987115,.08710206,.3700293
"Intact Sheet","Intact Sheet",5.090589,.25,.02,.004,52,61.8,"N","N","N","N","Stuck","",74.2,108,12,.00017477,.00622305,.40149623,.25764131,.33446464,.40149623,1000,64,.96,404.90775,1.736e+08,1.1111112,.20000001,20.154985,100.77492,6.0036593,18.972328,.10536061,-1.6094378,3.0034516,3,0,.0211733,0,"Broken or Intact Sheet",.06167203,.11583401,.32405002,.08903729,.40940664
"Splash","Splash",5.090589,.25,.025,.0005,52,58.3,"77","M","N","N","DIS","",69.9,109,13,8.127e-07,.00002912,.00316259,.00597383,.99083364,.99083364,1000,64,.96,404.90775,1.111e+08,.01736111,.02,2.6341004,131.70501,6.0036593,18.526041,-4.0535225,-3.912023,.96854171,3,1,.9932632,1,"Splash",.10682839,.17515946,.36479744,.07736301,.27585171
"Splash","Splash",5.090589,.25,.025,.0015,52,64.7,"98","M","N","N","SD","",77.6,110,14,2.630e-06,.00009424,.0101615,.01880983,.9709318,.9709318,1000,64,.96,404.90775,1.111e+08,.15625,.06,7.8008056,130.01343,6.0036593,18.526041,-1.856298,-2.8134107,2.054227,3,1,.9598917,1,"Splash",.09111395,.1565377,.35783617,.08203831,.31247387
"Broken Sheet","Broken Sheet",5.090589,.25,.025,.003,52,68.7,"130","M","N","N","Fall","",82.4,111,15,.00001531,.00054837,.05634274,.09151722,.85157635,.85157635,1000,64,.96,404.90775,1.111e+08,.62500001,.12,15.306717,127.55598,6.0036593,18.526041,-.47000361,-2.1202635,2.7282918,3,0,.5560825,1,"Broken or Intact Sheet",.07198456,.13101293,.33987115,.08710206,.3700293
"Intact Sheet","Intact Sheet",5.090589,.25,.025,.004,52,71.7,"N","N","N","N","Stuck","Small Inflection?",86,112,16,.00004955,.00177233,.16154844,.19726142,.63936826,.63936826,1000,64,.96,404.90775,1.111e+08,1.1111112,.16000001,20.154985,125.96865,6.0036593,18.526041,.10536061,-1.8325814,3.0034516,3,0,.1310017,0,"Broken or Intact Sheet",.06167203,.11583401,.32405002,.08903729,.40940664
"Crater","Crater",5.090589,1,.01,.0005,52,23.9,"N","N","N","N","Stuck","",28.7,113,1,.03348125,.52715725,.43208971,.00474227,.00252952,.52715725,1000,106,2.1,244.4726,2.404e+08,.00600907,.05,1.2060656,24.121311,5.4991033,19.29766,-5.1144851,-2.9957322,.18736351,2,0,.0180584,0,"Crater",.11157462,.18039763,.36587967,.07593678,.2662113
"Crater","Crater",5.090589,1,.01,.0015,52,23.9,"N","N","N","Y","Stuck","Tiny retraction",28.7,114,2,.1008043,.70424379,.19269355,.00147537,.000783,.70424379,1000,106,2.1,244.4726,2.404e+08,.05408163,.15,3.582846,23.885639,5.4991033,19.29766,-2.9172606,-1.89712,1.2761574,2,0,.0088151,0,"Crater",.10377419,.17169618,.36387366,.07828128,.28237468
"Crater","Crater",5.090589,1,.01,.003,52,23.3,"N","N","N","Y","Stuck","Flat",28,115,3,.3949082,.56515658,.03954658,.00025407,.00013458,.56515658,1000,106,2.1,244.4726,2.404e+08,.21632653,.30000001,7.0621926,23.540641,5.4991033,19.29766,-1.5309663,-1.2039728,1.9547556,2,0,.0027584,0,"Crater",.09322576,.1591584,.35911634,.08142209,.3070774
"Crater","Crater",5.090589,1,.01,.004,52,30.8,"N","N","N","Y","Stuck","Flat",37,116,4,.67867044,.30863915,.01257028,.00007854,.00004159,.67867044,1000,106,2.1,244.4726,2.404e+08,.38458054,.40000003,9.3264513,23.316127,5.4991033,19.29766,-.95560206,-.91629066,2.2328546,2,0,.0012032,0,"Crater",.0868877,.15117869,.35490217,.08324953,.32378191
"Intact Sheet","Intact Sheet",5.090589,1,.015,.0005,52,40.2,"N","N","N","N","Stuck","",48.2,117,5,.00972388,.25590193,.70918359,.01632358,.00886702,.70918359,1000,106,2.1,244.4726,1.068e+08,.00600907,.03333334,1.2060656,36.181966,5.4991033,18.48673,-5.1144851,-3.4011973,.18736351,3,0,.0507608,0,"Broken or Intact Sheet",.11157462,.18039763,.36587967,.07593678,.2662113
"Crater","Crater",5.090589,1,.015,.0015,52,40.2,"N","N","N","Y","Stuck","Tiny retraction",48.2,118,6,.03079859,.50848656,.45279291,.00516508,.00275685,.50848656,1000,106,2.1,244.4726,1.068e+08,.05408163,.1,3.582846,35.828458,5.4991033,18.48673,-2.9172606,-2.3025851,1.2761574,3,0,.0244904,0,"Crater",.10377419,.17169618,.36387366,.07828128,.28237468
"Crater","Crater",5.090589,1,.015,.003,52,37.3,"N","N","N","Y","Stuck","Fill back",44.7,119,7,.15611665,.7159167,.1265969,.00089511,.00047463,.7159167,1000,106,2.1,244.4726,1.068e+08,.21632653,.20000001,7.0621926,35.310962,5.4991033,18.48673,-1.5309663,-1.6094379,1.9547556,3,0,.0074159,0,"Crater",.09322576,.1591584,.35911634,.08142209,.3070774
"Crater","Crater",5.090589,1,.015,.004,52,36.2,"N","N","N","Y","Stuck","Fill back",43.4,120,8,.37448689,.582135,.04295445,.00027695,.00014671,.582135,1000,106,2.1,244.4726,1.068e+08,.38458054,.26666669,9.3264513,34.97419,5.4991033,18.48673,-.95560206,-1.3217558,2.2328546,3,0,.0031501,0,"Crater",.0868877,.15117869,.35490217,.08324953,.32378191
"Intact Sheet","Intact Sheet",5.090589,1,.02,.0005,52,54.8,"N","N","N","Y","Stuck","Tiny retraction",65.7,121,9,.00277567,.09021834,.8234579,.0529525,.03059559,.8234579,1000,106,2.1,244.4726,60090706,.00600907,.025,1.2060656,48.242622,5.4991033,17.911366,-5.1144851,-3.6888794,.18736351,3,0,.1223649,0,"Broken or Intact Sheet",.11157462,.18039763,.36587967,.07593678,.2662113
"Intact Sheet","Intact Sheet",5.090589,1,.02,.0015,52,61.2,"N","N","N","N","Stuck","",73.4,122,10,.00892718,.24021011,.72346411,.01774019,.00965841,.72346411,1000,106,2.1,244.4726,60090706,.05408163,.075,3.582846,47.771278,5.4991033,17.911366,-2.9172606,-2.5902671,1.2761574,3,0,.0603364,0,"Broken or Intact Sheet",.10377419,.17169618,.36387366,.07828128,.28237468
"Intact Sheet","Intact Sheet",5.090589,1,.02,.003,52,57.7,"N","N","N","N","Stuck","",69.2,123,11,.04982664,.60906843,.33628937,.00314315,.00167241,.60906843,1000,106,2.1,244.4726,60090706,.21632653,.15,7.0621926,47.081283,5.4991033,17.911366,-1.5309663,-1.89712,1.9547556,3,0,.0182332,0,"Broken or Intact Sheet",.09322576,.1591584,.35911634,.08142209,.3070774
"Intact Sheet","Intact Sheet",5.090589,1,.02,.004,52,56.5,"N","N","N","N","Stuck","",67.8,124,12,.14508288,.71700843,.13641569,.00097562,.00051738,.71700843,1000,106,2.1,244.4726,60090706,.38458054,.20000001,9.3264513,46.632253,5.4991033,17.911366,-.95560206,-1.6094378,2.2328546,3,0,.0076499,0,"Broken or Intact Sheet",.0868877,.15117869,.35490217,.08324953,.32378191
"Intact Sheet","Intact Sheet",5.090589,1,.025,.0005,52,73.9,"N","N","N","Y","Stuck","Tiny retraction",88.7,125,13,.00078836,.0274536,.72840865,.14316181,.10018758,.72840865,1000,106,2.1,244.4726,38458049,.00600907,.02,1.2060656,60.303279,5.4991033,17.465079,-5.1144851,-3.912023,.18736351,3,0,.2605948,0,"Broken or Intact Sheet",.11157462,.18039763,.36587967,.07593678,.2662113
"Intact Sheet","Intact Sheet",5.090589,1,.025,.0015,52,79.3,"N","N","N","N","Stuck","",95.1,126,14,.00254679,.08342025,.82363608,.0571357,.03326118,.82363608,1000,106,2.1,244.4726,38458049,.05408163,.06,3.582846,59.7141,5.4991033,17.465079,-2.9172606,-2.8134107,1.2761574,3,0,.1378458,0,"Broken or Intact Sheet",.10377419,.17169618,.36387366,.07828128,.28237468
"Intact Sheet","Intact Sheet",5.090589,1,.025,.003,52,73.4,"N","N","N","N","Stuck","",88.1,127,15,.0146468,.33916864,.62940038,.01090903,.00587516,.62940038,1000,106,2.1,244.4726,38458049,.21632653,.12,7.0621926,58.851605,5.4991033,17.465079,-1.5309663,-2.1202635,1.9547556,3,0,.0432689,0,"Broken or Intact Sheet",.09322576,.1591584,.35911634,.08142209,.3070774
"Intact Sheet","Intact Sheet",5.090589,1,.025,.004,52,71.6,"N","N","N","N","Stuck","",85.9,128,16,.0458965,.59334775,.35550848,.00342441,.00182286,.59334775,1000,106,2.1,244.4726,38458049,.38458054,.16000001,9.3264513,58.290319,5.4991033,17.465079,-.95560206,-1.8325814,2.2328546,3,0,.0181637,0,"Broken or Intact Sheet",.0868877,.15117869,.35490217,.08324953,.32378191
"Splash","Splash",3.8015907,.1,.01,.0005,29,49.8,"95","B","N","N","BUP","Changed calibration",59.8,129,1,.00007752,.00277007,.23117573,.23476924,.53120745,.53120745,1000,13,.23,1111.6994,2.457e+09,.06143668,.05,8.2033447,164.06688,7.0136451,21.622397,-2.7897482,-2.9957322,2.104542,4,1,.9996831,1,"Splash",.08998122,.15511643,.35709967,.08236609,.31543658
"Broken Sheet","Broken Sheet",3.8015907,.1,.01,.0015,29,41.3,"N","N","N","Sheet","Fall","Sheet Retraction",49.6,130,2,.00025082,.00890618,.48800908,.24349415,.25933976,.48800908,1000,13,.23,1111.6994,2.457e+09,.55293007,.15,24.252115,161.68076,7.0136451,21.622397,-.59252375,-1.89712,3.1885038,4,0,.9268092,1,"Broken or Intact Sheet",.05405032,.10392887,.30862545,.08975827,.44363709
"Intact Sheet","Intact Sheet",3.8015907,.1,.01,.003,29,48.8,"N","N","N","N","Stick","",58.5,131,3,.00145846,.04959669,.80093007,.09128191,.05673287,.80093007,1000,13,.23,1111.6994,2.457e+09,2.2117203,.30000001,47.468685,158.22894,7.0136451,21.622397,.79377061,-1.2039728,3.8600702,4,0,.0014422,0,"Broken or Intact Sheet",.02519437,.05303256,.20528156,.07843707,.63805444
"Intact Sheet","Intact Sheet",3.8015907,.1,.01,.004,29,52.3,"N","N","N","N","Stick","",62.8,132,4,.00470451,.14358895,.80075826,.03270221,.01824607,.80075826,1000,13,.23,1111.6994,2.457e+09,3.9319474,.40000003,62.40339,156.00846,7.0136451,21.622397,1.3691348,-.91629066,4.1336196,4,0,1.97e-06,0,"Broken or Intact Sheet",.01527781,.03319683,.1434636,.06208469,.74597706
"Splash","Splash",3.8015907,.1,.015,.0005,29,67.3,"101","B","N","N","BUP","",80.8,133,5,.00002197,.00078685,.07889229,.12039782,.79990107,.79990107,1000,13,.23,1111.6994,1.092e+09,.06143668,.03333334,8.2033447,246.10032,7.0136451,20.811467,-2.7897482,-3.4011973,2.104542,5,1,.9999999,1,"Splash",.08998122,.15511643,.35709967,.08236609,.31543658
"Splash","Splash",3.8015907,.1,.015,.0015,29,66.7,"123","M","N","N","SD","",80,134,6,.00007111,.00254168,.21629893,.22846367,.55262461,.55262461,1000,13,.23,1111.6994,1.092e+09,.55293007,.1,24.252115,242.52115,7.0136451,20.811467,-.59252375,-2.3025851,3.1885038,5,1,.9999681,1,"Splash",.05405032,.10392887,.30862545,.08975827,.44363709
"Broken Sheet","Broken Sheet",3.8015907,.1,.015,.003,29,72.7,"182","M","N","N","Fall","",87.2,135,7,.00041385,.01460779,.60498425,.2049529,.17504122,.60498425,1000,13,.23,1111.6994,1.092e+09,2.2117203,.20000001,47.468685,237.34342,7.0136451,20.811467,.79377061,-1.6094379,3.8600702,5,0,.7524302,1,"Broken or Intact Sheet",.02519437,.05303256,.20528156,.07843707,.63805444
"Intact Sheet","Intact Sheet",3.8015907,.1,.015,.004,29,70.2,"T","T","N","N","Fall","",84.2,136,8,.00133805,.04569486,.79373709,.09769891,.06153109,.79373709,1000,13,.23,1111.6994,1.092e+09,3.9319474,.26666669,62.40339,234.0127,7.0136451,20.811467,1.3691348,-1.3217558,4.1336196,5,0,.003728,0,"Broken or Intact Sheet",.01527781,.03319683,.1434636,.06208469,.74597706
"Splash","Splash",3.8015907,.1,.02,.0005,29,58.2,"106","B","N","N","BUP","Sideways Droplet",69.8,137,9,6.229e-06,.00022317,.02373104,.04225327,.93378629,.93378629,1000,13,.23,1111.6994,6.144e+08,.06143668,.025,8.2033447,328.13377,7.0136451,20.236103,-2.7897482,-3.6888794,2.104542,1,1,1,1,"Splash",.08998122,.15511643,.35709967,.08236609,.31543658
"Splash","Splash",3.8015907,.1,.02,.0015,29,86.6,"158","B","N","N","BUP","",103.9,138,10,.00002016,.00072185,.07285509,.11304705,.81335584,.81335584,1000,13,.23,1111.6994,6.144e+08,.55293007,.075,24.252115,323.36153,7.0136451,20.236103,-.59252375,-2.5902671,3.1885038,1,1,.9999999,1,"Splash",.05405032,.10392887,.30862545,.08975827,.44363709
"Splash","Splash",3.8015907,.1,.02,.003,29,81.1,"Prob","M","Y","N","Fall","Rising Silo, Hit edge",97.3,139,11,.00011734,.00418702,.31193453,.25566618,.42809493,.42809493,1000,13,.23,1111.6994,6.144e+08,2.2117203,.15,47.468685,316.45789,7.0136451,20.236103,.79377061,-1.89712,3.8600702,1,1,.9995127,1,"Splash",.02519437,.05303256,.20528156,.07843707,.63805444
"Intact Sheet","Intact Sheet",3.8015907,.1,.02,.004,29,82.6,"3,247","T","N","N","Fall","Hit Edge",99.1,140,12,.00037965,.01341728,.58567963,.2126707,.18785274,.58567963,1000,13,.23,1111.6994,6.144e+08,3.9319474,.20000001,62.40339,312.01693,7.0136451,20.236103,1.3691348,-1.6094378,4.1336196,1,0,.6970036,1,"Broken or Intact Sheet",.01527781,.03319683,.1434636,.06208469,.74597706
"Splash","Splash",3.8015907,.1,.025,.0005,29,77.2,"119","B","N","N","BUP","Spreading Outwards",92.6,141,13,1.766e-06,.00006327,.00684544,.01279331,.98029621,.98029621,1000,13,.23,1111.6994,3.932e+08,.06143668,.02,8.2033447,410.16722,7.0136451,19.789815,-2.7897482,-3.912023,2.104542,2,1,1,1,"Splash",.08998122,.15511643,.35709967,.08236609,.31543658
"Splash","Splash",3.8015907,.1,.025,.0015,29,81.6,"174","B","N","N","BUP","",97.9,142,14,5.714e-06,.00020473,.0218128,.03905086,.9389259,.9389259,1000,13,.23,1111.6994,3.932e+08,.55293007,.06,24.252115,404.20193,7.0136451,19.789815,-.59252375,-2.8134107,3.1885038,2,1,1,1,"Splash",.05405032,.10392887,.30862545,.08975827,.44363709
"Splash","Splash",3.8015907,.1,.025,.003,29,110.6,"Prob","T","N","N","Fall","Hit Edge",132.7,143,15,.00003327,.00119063,.11468101,.1587652,.7253299,.7253299,1000,13,.23,1111.6994,3.932e+08,2.2117203,.12,47.468685,395.57238,7.0136451,19.789815,.79377061,-2.1202635,3.8600702,2,1,.999999,1,"Splash",.02519437,.05303256,.20528156,.07843707,.63805444
"Splash","Splash",3.8015907,.1,.025,.004,29,107.4,"224","M","Y","N","Fall","Hit Edge",128.9,144,16,.00010764,.00384228,.29393306,.25277743,.44933958,.44933958,1000,13,.23,1111.6994,3.932e+08,3.9319474,.16000001,62.40339,390.02118,7.0136451,19.789815,1.3691348,-1.8325814,4.1336196,2,1,.9990259,1,"Splash",.01527781,.03319683,.1434636,.06208469,.74597706
"Splash","Splash",3.8015907,.15,.01,.0005,29,21,"94","B","N","N","BUP","",25.2,145,1,.00012261,.00437416,.3213154,.25681098,.41737686,.41737686,1000,33,.49,437.94218,1.374e+09,.03436069,.05,3.8451154,76.902302,6.0820869,21.041303,-3.3708422,-2.9957322,1.3468036,5,1,.293254,0,"Splash",.10294363,.17074164,.36358969,.07853075,.28419429
"Broken Sheet","Broken Sheet",3.8015907,.15,.01,.0015,29,33.8,"N","N","N","Sheet","Stick","",40.5,146,2,.00039669,.01401082,.59556759,.20878155,.18124336,.59556759,1000,33,.49,437.94218,1.374e+09,.30924615,.15,11.336282,75.575208,6.0820869,21.041303,-1.1736177,-1.89712,2.4280083,5,0,.0295783,0,"Broken or Intact Sheet",.0815912,.14424235,.35045898,.08471036,.3389971
"Intact Sheet","Intact Sheet",3.8015907,.15,.01,.003,29,38.3,"N","N","N","N","Stick","",45.9,147,3,.00230499,.07612294,.82260908,.0623319,.03663109,.82260908,1000,33,.49,437.94218,1.374e+09,1.2369846,.30000001,22.100484,73.668279,6.0820869,21.041303,.21267665,-1.2039728,3.0955995,5,0,.000387,0,"Broken or Intact Sheet",.05793517,.11007202,.3169333,.08948694,.42557257
"Intact Sheet","Intact Sheet",3.8015907,.15,.01,.004,29,40.8,"N","N","N","N","Stick","",48.9,148,4,.00742114,.20851537,.7512387,.02121162,.01161317,.7512387,1000,33,.49,437.94218,1.374e+09,2.1990839,.40000003,28.979831,72.449571,6.0820869,21.041303,.78804088,-.91629066,3.3666001,5,0,.0000155,0,"Broken or Intact Sheet",.04636099,.09129527,.28904239,.08951093,.48379041
"Splash","Splash",3.8015907,.15,.015,.0005,29,44.8,"103","B","Y","N","BUP","",53.8,149,5,.00003476,.00124402,.11920344,.16302454,.71649324,.71649324,1000,33,.49,437.94218,6.109e+08,.03436069,.03333334,3.8451154,115.35345,6.0820869,20.230373,-3.3708422,-3.4011973,1.3468036,1,1,.9521615,1,"Splash",.10294363,.17074164,.36358969,.07853075,.28419429
"Splash","Splash",3.8015907,.15,.015,.0015,29,50.3,"129","M","N","N","SD","",60.4,150,6,.00011248,.00401408,.30302364,.25435237,.43849744,.43849744,1000,33,.49,437.94218,6.109e+08,.30924615,.1,11.336282,113.36281,6.0820869,20.230373,-1.1736177,-2.3025851,2.4280083,1,1,.576741,1,"Splash",.0815912,.14424235,.35045898,.08471036,.3389971
"Broken Sheet","Broken Sheet",3.8015907,.15,.015,.003,29,51.8,"204","M","N","Sheet","Fall","",62.2,151,7,.00065445,.02290044,.69718133,.16098746,.11827631,.69718133,1000,33,.49,437.94218,6.109e+08,1.2369846,.20000001,22.100484,110.50242,6.0820869,20.230373,.21267665,-1.6094379,3.0955995,1,0,.0153793,0,"Broken or Intact Sheet",.05793517,.11007202,.3169333,.08948694,.42557257
"Intact Sheet","Intact Sheet",3.8015907,.15,.015,.004,29,54.8,"N","N","N","N","Stick","",65.8,152,8,.00211484,.07029891,.82065827,.06712705,.03980092,.82065827,1000,33,.49,437.94218,6.109e+08,2.1990839,.26666669,28.979831,108.67436,6.0820869,20.230373,.78804088,-1.3217558,3.3666001,1,0,.0005859,0,"Broken or Intact Sheet",.04636099,.09129527,.28904239,.08951093,.48379041
"Splash","Splash",3.8015907,.15,.02,.0005,29,55.4,"101","B","N","N","BUP","",66.5,153,9,9.853e-06,.00035296,.03701601,.06347107,.8991501,.8991501,1000,33,.49,437.94218,3.436e+08,.03436069,.025,3.8451154,153.8046,6.0820869,19.655009,-3.3708422,-3.6888794,1.3468036,2,1,.9980012,1,"Splash",.10294363,.17074164,.36358969,.07853075,.28419429
"Splash","Splash",3.8015907,.15,.02,.0015,29,55.3,"128","M","N","N","SD","",66.4,154,10,.00003189,.0011413,.11046061,.154677,.73368921,.73368921,1000,33,.49,437.94218,3.436e+08,.30924615,.075,11.336282,151.15042,6.0820869,19.655009,-1.1736177,-2.5902671,2.4280083,2,1,.9698713,1,"Splash",.0815912,.14424235,.35045898,.08471036,.3389971
"Splash","Splash",3.8015907,.15,.02,.003,29,67.4,"181","M","N","N","Fall","",80.9,155,11,.0001856,.0066059,.41569669,.25629192,.32121988,.41569669,1000,33,.49,437.94218,3.436e+08,1.2369846,.15,22.100484,147.33656,6.0820869,19.655009,.21267665,-1.89712,3.0955995,2,1,.2527738,0,"Splash",.05793517,.11007202,.3169333,.08948694,.42557257
"Broken Sheet","Broken Sheet",3.8015907,.15,.02,.004,29,68.5,"180","M","N","N","Fall","",82.2,156,12,.00060038,.02104938,.68139264,.16938197,.12757563,.68139264,1000,33,.49,437.94218,3.436e+08,2.1990839,.20000001,28.979831,144.89914,6.0820869,19.655009,.78804088,-1.6094378,3.3666001,2,0,.011863,0,"Broken or Intact Sheet",.04636099,.09129527,.28904239,.08951093,.48379041
"Splash","Splash",3.8015907,.15,.025,.0005,29,67.9,"120","B","N","N","BUP","",81.5,157,13,2.793e-06,.00010008,.01078413,.01992661,.96918639,.96918639,1000,33,.49,437.94218,2.199e+08,.03436069,.02,3.8451154,192.25576,6.0820869,19.208721,-3.3708422,-3.912023,1.3468036,2,1,.9999037,1,"Splash",.10294363,.17074164,.36358969,.07853075,.28419429
"Splash","Splash",3.8015907,.15,.025,.0015,29,67,"144","M","Y","N","SD","",80.4,158,14,9.038e-06,.00032379,.03406215,.05889538,.90670963,.90670963,1000,33,.49,437.94218,2.199e+08,.30924615,.06,11.336282,188.93803,6.0820869,19.208721,-1.1736177,-2.8134107,2.4280083,2,1,.9984239,1,"Splash",.0815912,.14424235,.35045898,.08471036,.3389971
"Splash","Splash",3.8015907,.15,.025,.003,29,78.1,"144","M","N","N","Fall","",93.7,159,15,.00005262,.00188192,.16981886,.20285132,.62539529,.62539529,1000,33,.49,437.94218,2.199e+08,1.2369846,.12,22.100484,184.17071,6.0820869,19.208721,.21267665,-2.1202635,3.0955995,2,1,.8599629,1,"Splash",.05793517,.11007202,.3169333,.08948694,.42557257
"Splash","Splash",3.8015907,.15,.025,.004,29,80.5,"136","M","N","N","Fall","",96.6,160,16,.00017026,.00606329,.39535368,.25809597,.34031681,.39535368,1000,33,.49,437.94218,2.199e+08,2.1990839,.16000001,28.979831,181.12394,6.0820869,19.208721,.78804088,-1.8325814,3.3666001,2,1,.1714536,0,"Splash",.04636099,.09129527,.28904239,.08951093,.48379041
"Intact Sheet","Intact Sheet",3.8015907,.25,.01,.0005,29,27.8,"N","N","N","N","Stuck","",33.4,161,1,.00030672,.01086868,.53615713,.23007766,.22258981,.53615713,1000,64,.96,225.81394,6.944e+08,.01736111,.05,1.9627851,39.255698,5.4197114,20.358623,-4.0535225,-2.9957322,.67436441,1,0,.0209076,0,"Broken or Intact Sheet",.10903704,.17761859,.36535254,.07669889,.27129295
"Intact Sheet","Intact Sheet",3.8015907,.25,.01,.0015,29,27.3,"N","N","N","N","Stuck","",32.8,162,2,.00099192,.03429197,.7611728,.12225967,.08128364,.7611728,1000,64,.96,225.81394,6.944e+08,.15625,.15,5.7877403,38.584934,5.4197114,20.358623,-1.856298,-1.89712,1.7557419,1,0,.0057836,0,"Broken or Intact Sheet",.09697303,.16371666,.36110525,.0803156,.29788947
"Crater","Crater",3.8015907,.25,.01,.003,29,24.9,"N","N","N","N","Stuck","",29.9,163,3,.00574717,.16979967,.78240117,.02708201,.01496998,.78240117,1000,64,.96,225.81394,6.944e+08,.62500001,.30000001,11.286209,37.620694,5.4197114,20.358623,-.47000361,-1.2039728,2.4235815,1,0,.0006586,0,"Crater",.08171951,.14441334,.35057744,.08467592,.3386138
"Crater","Crater",3.8015907,.25,.01,.004,29,26.3,"N","N","N","N","Stuck","",31.6,164,4,.01836293,.38959367,.57866021,.00870903,.00467416,.57866021,1000,64,.96,225.81394,6.944e+08,1.1111112,.40000003,14.801682,37.004203,5.4197114,20.358623,.10536061,-.91629066,2.6947408,1,0,.0001322,0,"Crater",.07314598,.13265796,.34134416,.08683642,.36601548
"Broken Sheet","Broken Sheet",3.8015907,.25,.015,.0005,29,34.3,"88","M","N","N","Fall","Transition",41.2,165,5,.00008696,.00310639,.25206045,.24223462,.50251158,.50251158,1000,64,.96,225.81394,3.086e+08,.01736111,.03333334,1.9627851,58.883547,5.4197114,19.547693,-4.0535225,-3.4011973,.67436441,2,0,.1322656,0,"Broken or Intact Sheet",.10903704,.17761859,.36535254,.07669889,.27129295
"Intact Sheet","Intact Sheet",3.8015907,.25,.015,.0015,29,37.8,"N","N","N","N","Stick","",45.3,166,6,.00028137,.00997963,.51561837,.23624265,.23787798,.51561837,1000,64,.96,225.81394,3.086e+08,.15625,.1,5.7877403,57.877401,5.4197114,19.547693,-1.856298,-2.3025851,1.7557419,2,0,.0381479,0,"Broken or Intact Sheet",.09697303,.16371666,.36110525,.0803156,.29788947
"Intact Sheet","Intact Sheet",3.8015907,.25,.015,.003,29,41.8,"N","N","N","N","Stuck","",50.1,167,7,.00163583,.05528449,.80898192,.08321179,.05088597,.80898192,1000,64,.96,225.81394,3.086e+08,.62500001,.20000001,11.286209,56.431042,5.4197114,19.547693,-.47000361,-1.6094379,2.4235815,2,0,.0041836,0,"Broken or Intact Sheet",.08171951,.14441334,.35057744,.08467592,.3386138
"Crater","Crater",3.8015907,.25,.015,.004,29,40.8,"N","N","N","N","Stuck","",49,168,8,.00527456,.15813116,.7909256,.02937158,.0162971,.7909256,1000,64,.96,225.81394,3.086e+08,1.1111112,.26666669,14.801682,55.506304,5.4197114,19.547693,.10536061,-1.3217558,2.6947408,2,0,.0008062,0,"Crater",.07314598,.13265796,.34134416,.08683642,.36601548
"Splash","Splash",3.8015907,.25,.02,.0005,29,46.8,"84","M","N","N","Fall","Transition",56.1,169,9,.00002465,.00088261,.08764276,.13058224,.78086774,.78086774,1000,64,.96,225.81394,1.736e+08,.01736111,.025,1.9627851,78.511397,5.4197114,18.972328,-4.0535225,-3.6888794,.67436441,3,1,.4401421,0,"Splash",.10903704,.17761859,.36535254,.07669889,.27129295
"Intact Sheet","Intact Sheet",3.8015907,.25,.02,.0015,29,45.8,"N","N","N","N","Stick","",54.9,170,10,.00007977,.00285035,.23626927,.23673545,.52406516,.52406516,1000,64,.96,225.81394,1.736e+08,.15625,.075,5.7877403,77.169869,5.4197114,18.972328,-1.856298,-2.5902671,1.7557419,3,0,.1648753,0,"Broken or Intact Sheet",.09697303,.16371666,.36110525,.0803156,.29788947
"Intact Sheet","Intact Sheet",3.8015907,.25,.02,.003,29,51.3,"N","N","N","N","Stuck","",61.5,171,11,.00046424,.01635645,.62986883,.19425303,.15905746,.62986883,1000,64,.96,225.81394,1.736e+08,.62500001,.15,11.286209,75.241389,5.4197114,18.972328,-.47000361,-1.89712,2.4235815,3,0,.019473,0,"Broken or Intact Sheet",.08171951,.14441334,.35057744,.08467592,.3386138
"Intact Sheet","Intact Sheet",3.8015907,.25,.02,.004,29,56.7,"N","N","N","N","Stuck","",68,172,12,.0015008,.05096075,.8031012,.08921861,.05521864,.8031012,1000,64,.96,225.81394,1.736e+08,1.1111112,.20000001,14.801682,74.008406,5.4197114,18.972328,.10536061,-1.6094378,2.6947408,3,0,.0036752,0,"Broken or Intact Sheet",.07314598,.13265796,.34134416,.08683642,.36601548
"Splash","Splash",3.8015907,.25,.025,.0005,29,57.8,"87","M","N","N","SD","",69.3,173,13,6.988e-06,.00025035,.02654357,.04688415,.92631494,.92631494,1000,64,.96,225.81394,1.111e+08,.01736111,.02,1.9627851,98.139249,5.4197114,18.526041,-4.0535225,-3.912023,.67436441,3,1,.7869259,1,"Splash",.10903704,.17761859,.36535254,.07669889,.27129295
"Splash","Splash",3.8015907,.25,.025,.0015,29,58.8,"113","M","N","N","Fall","Transition",70.5,174,14,.00002261,.00080971,.08099625,.12289666,.79527477,.79527477,1000,64,.96,225.81394,1.111e+08,.15625,.06,5.7877403,96.462339,5.4197114,18.526041,-1.856298,-2.8134107,1.7557419,3,1,.4733655,0,"Splash",.09697303,.16371666,.36110525,.0803156,.29788947
"Intact Sheet","Intact Sheet",3.8015907,.25,.025,.003,29,69.2,"81","T","N","N","Stuck","",83,175,15,.00013164,.00469452,.33677549,.25818444,.40021391,.40021391,1000,64,.96,225.81394,1.111e+08,.62500001,.12,11.286209,94.051739,5.4197114,18.526041,-.47000361,-2.1202635,2.4235815,3,0,.0795312,0,"Broken or Intact Sheet",.08171951,.14441334,.35057744,.08467592,.3386138
"Intact Sheet","Intact Sheet",3.8015907,.25,.025,.004,29,60.4,"N","N","N","N","Stuck","",72.5,176,16,.00042587,.01502572,.61128229,.20232459,.17094152,.61128229,1000,64,.96,225.81394,1.111e+08,1.1111112,.16000001,14.801682,92.51051,5.4197114,18.526041,.10536061,-1.8325814,2.6947408,3,0,.0153459,0,"Broken or Intact Sheet",.07314598,.13265796,.34134416,.08683642,.36601548
"Crater","Crater",3.8015907,1,.01,.0005,29,18.5,"N","N","N","Y","Stuck","Fill Back",22.2,177,1,.22950249,.68696925,.08267709,.00055633,.00029484,.68696925,1000,106,2.1,136.34049,2.404e+08,.00600907,.05,.89917125,17.983424,4.9151554,19.29766,-5.1144851,-2.9957322,-.10628177,2,0,.0055136,0,"Crater",.1126184,.1815265,.36606355,.07562379,.26416776
"Lump","Lump",3.8015907,1,.01,.0015,29,17.4,"N","N","N","Y","Stuck","Fill back",20.9,178,2,.4908192,.4817891,.02712853,.00017205,.00009113,.4908192,1000,106,2.1,136.34049,2.404e+08,.05408163,.15,2.6623964,17.749309,4.9151554,19.29766,-2.9172606,-1.89712,.97922663,2,0,.0032151,0,"Lump",.10673616,.17505595,.36477224,.07739075,.2760449
"Lump","Lump",3.8015907,1,.01,.003,29,20.4,"N","N","N","Y","Stuck","Fill back",24.5,179,3,.84875449,.14643119,.00476911,.00002956,.00001565,.84875449,1000,106,2.1,136.34049,2.404e+08,.21632653,.30000001,5.2228042,17.409347,4.9151554,19.29766,-1.5309663,-1.2039728,1.6530345,2,0,.0013217,0,"Lump",.09867673,.16575071,.36189651,.07980836,.29386769
"Lump","Lump",3.8015907,1,.01,.004,29,19.9,"N","N","N","Y","Stuck","Boing",23.9,180,4,.94780988,.0506975,.00147865,9.135e-06,4.837e-06,.94780988,1000,106,2.1,136.34049,2.404e+08,.38458054,.40000003,6.8759402,17.189849,4.9151554,19.29766,-.95560206,-.91629066,1.9280284,2,0,.0006925,0,"Lump",.09376518,.15982177,.35942448,.08126375,.30572482
"Intact Sheet","Intact Sheet",3.8015907,1,.015,.0005,29,28.3,"N","N","N","Y","Stuck","Tiny retraction",34,181,5,.07785844,.67883985,.24030537,.00195697,.00103937,.67883985,1000,106,2.1,136.34049,1.068e+08,.00600907,.03333334,.89917125,26.975136,4.9151554,18.48673,-5.1144851,-3.4011973,-.10628177,3,0,.0126529,0,"Broken or Intact Sheet",.1126184,.1815265,.36606355,.07562379,.26416776
"Crater","Crater",3.8015907,1,.015,.0015,29,28.3,"N","N","N","Y","Stuck","Tiny retraction",34,182,6,.21460103,.69502338,.08944778,.00060641,.0003214,.69502338,1000,106,2.1,136.34049,1.068e+08,.05408163,.1,2.6623964,26.623963,4.9151554,18.48673,-2.9172606,-2.3025851,.97922663,3,0,.0071861,0,"Crater",.10673616,.17505595,.36477224,.07739075,.2760449
"Crater","Crater",3.8015907,1,.015,.003,29,27.4,"N","N","N","Y","Stuck","Fill back",32.9,183,7,.61400571,.36921437,.01662042,.00010427,.00005522,.61400571,1000,106,2.1,136.34049,1.068e+08,.21632653,.20000001,5.2228042,26.11402,4.9151554,18.48673,-1.5309663,-1.6094379,1.6530345,3,0,.0028341,0,"Crater",.09867673,.16575071,.36189651,.07980836,.29386769
"Crater","Crater",3.8015907,1,.015,.004,29,30.3,"N","N","N","Y","Stuck","Fill back",36.4,184,8,.8373412,.15741288,.00519663,.00003223,.00001706,.8373412,1000,106,2.1,136.34049,1.068e+08,.38458054,.26666669,6.8759402,25.784774,4.9151554,18.48673,-.95560206,-1.3217558,1.9280284,3,0,.0014437,0,"Crater",.09376518,.15982177,.35942448,.08126375,.30572482
"Intact Sheet","Intact Sheet",3.8015907,1,.02,.0005,29,41.8,"N","N","N","Y","Stuck","Tiny retraction",50.2,185,9,.02337375,.44516249,.52097264,.00683401,.00365711,.52097264,1000,106,2.1,136.34049,60090706,.00600907,.025,.89917125,35.966847,4.9151554,17.911366,-5.1144851,-3.6888794,-.10628177,3,0,.025873,0,"Broken or Intact Sheet",.1126184,.1815265,.36606355,.07562379,.26416776
"Crater","Crater",3.8015907,1,.02,.0015,29,42.3,"N","N","N","Y","Stuck","Tiny retraction",50.8,186,10,.07188453,.66857795,.25627203,.00213256,.00113293,.66857795,1000,106,2.1,136.34049,60090706,.05408163,.075,2.6623964,35.498618,4.9151554,17.911366,-2.9172606,-2.5902671,.97922663,3,0,.0145035,0,"Crater",.10673616,.17505595,.36477224,.07739075,.2760449
"Crater","Crater",3.8015907,1,.02,.003,29,42.3,"N","N","N","Y","Stuck","Tiny retraction",50.7,187,11,.31077422,.6324378,.05622553,.00036765,.00019479,.6324378,1000,106,2.1,136.34049,60090706,.21632653,.15,5.2228042,34.818694,4.9151554,17.911366,-1.5309663,-1.89712,1.6530345,3,0,.0055861,0,"Crater",.09867673,.16575071,.36189651,.07980836,.29386769
"Crater","Crater",3.8015907,1,.02,.004,29,41.8,"N","N","N","Y","Stuck","Fill back",50.2,188,12,.59336482,.38837066,.01809065,.00011367,.0000602,.59336482,1000,106,2.1,136.34049,60090706,.38458054,.20000001,6.8759402,34.379699,4.9151554,17.911366,-.95560206,-1.6094378,1.9280284,3,0,.002797,0,"Crater",.09376518,.15982177,.35942448,.08126375,.30572482
"Intact Sheet","Intact Sheet",3.8015907,1,.025,.0005,29,58.2,"N","N","N","Y","Stuck","Tiny retraction",69.8,189,13,.00673838,.19319585,.76401101,.02327126,.01278349,.76401101,1000,106,2.1,136.34049,38458049,.00600907,.02,.89917125,44.958561,4.9151554,17.465079,-5.1144851,-3.912023,-.10628177,3,0,.0506655,0,"Broken or Intact Sheet",.1126184,.1815265,.36606355,.07562379,.26416776
"Intact Sheet","Intact Sheet",3.8015907,1,.025,.0015,29,55.2,"N","N","N","Y","Stuck","Tiny retraction",66.2,190,14,.02148294,.42563799,.54145328,.00744041,.00398538,.54145328,1000,106,2.1,136.34049,38458049,.05408163,.06,2.6623964,44.373274,4.9151554,17.465079,-2.9172606,-2.8134107,.97922663,3,0,.0283071,0,"Broken or Intact Sheet",.10673616,.17505595,.36477224,.07739075,.2760449
"Intact Sheet","Intact Sheet",3.8015907,1,.025,.003,29,55.3,"N","N","N","Y","Stuck","Tiny retraction",66.3,191,15,.11332828,.71148183,.17320853,.00129453,.00068684,.71148183,1000,106,2.1,136.34049,38458049,.21632653,.12,5.2228042,43.523369,4.9151554,17.465079,-1.5309663,-2.1202635,1.6530345,3,0,.0107598,0,"Broken or Intact Sheet",.09867673,.16575071,.36189651,.07980836,.29386769
"Crater","Crater",3.8015907,1,.025,.004,29,51.8,"N","N","N","Y","Stuck","Tiny retraction",62.1,192,16,.29259978,.64580967,.06097746,.00040076,.00021234,.64580967,1000,106,2.1,136.34049,38458049,.38458054,.16000001,6.8759402,42.974625,4.9151554,17.465079,-.95560206,-1.8325814,1.9280284,3,0,.0053244,0,"Crater",.09376518,.15982177,.35942448,.08126375,.30572482
"Splash","Splash",2.5452945,.1,.01,.0005,13,39.3,"129","B","N","N","BUP","Bad Test",47.1,193,1,.0006308,.02209146,.6905388,.16456622,.12217272,.6905388,1000,13,.23,498.348,2.457e+09,.06143668,.05,5.4724871,109.44973,6.2112986,21.622397,-2.7897482,-2.9957322,1.6997332,4,1,.5180676,1,"Splash",.09792049,.16485077,.3615537,.08003378,.29564127
"Intact Sheet","Intact Sheet",2.5452945,.1,.01,.0015,13,35.1,"N","N","N","N","Fall","",42.1,194,2,.0020385,.06793928,.81952483,.06926439,.041233,.81952483,1000,13,.23,498.348,2.457e+09,.55293007,.15,16.064641,107.0976,6.2112986,21.622397,-.59252375,-1.89712,2.7766206,4,0,.0218741,0,"Broken or Intact Sheet",.07027348,.12856599,.33759515,.0874787,.37608668
"Intact Sheet","Intact Sheet",2.5452945,.1,.01,.003,13,36.8,"N","N","N","N","Stick","Bad Drop",44.1,195,3,.01175204,.29285854,.67449717,.01355919,.00733306,.67449717,1000,13,.23,498.348,2.457e+09,2.2117203,.30000001,31.125913,103.75304,6.2112986,21.622397,.79377061,-1.2039728,3.4380407,4,0,.00003,0,"Broken or Intact Sheet",.04322449,.08595546,.27968292,.08901873,.50211841
"Intact Sheet","Intact Sheet",2.5452945,.1,.01,.004,13,34.2,"N","N","N","N","Stick","",41,196,4,.03705791,.54930682,.40708487,.00427289,.0022775,.54930682,1000,13,.23,498.348,2.457e+09,3.9319474,.40000003,40.654811,101.63702,6.2112986,21.622397,1.3691348,-.91629066,3.7051172,4,0,2.10e-07,0,"Broken or Intact Sheet",.03159114,.06516095,.23632858,.08416516,.58275417
"Splash","Splash",2.5452945,.1,.015,.0005,13,44.8,"130","B","N","N","BUP","",53.7,197,5,.00017889,.00636857,.40697839,.25716916,.32930499,.40697839,1000,13,.23,498.348,1.092e+09,.06143668,.03333334,5.4724871,164.1746,6.2112986,20.811467,-2.7897482,-3.4011973,1.6997332,5,1,.9974062,1,"Splash",.09792049,.16485077,.3615537,.08003378,.29564127
"Intact Sheet","Intact Sheet",2.5452945,.1,.015,.0015,13,38.8,"N","N","N","N","Fall","",46.5,198,6,.00057868,.02030434,.67441082,.17297353,.13173262,.67441082,1000,13,.23,498.348,1.092e+09,.55293007,.1,16.064641,160.6464,6.2112986,20.811467,-.59252375,-2.3025851,2.7766206,5,0,.8776816,1,"Broken or Intact Sheet",.07027348,.12856599,.33759515,.0874787,.37608668
"Intact Sheet","Intact Sheet",2.5452945,.1,.015,.003,13,46.2,"N","N","N","N","Stick","",55.4,199,7,.00335953,.10709353,.8195398,.04460815,.025399,.8195398,1000,13,.23,498.348,1.092e+09,2.2117203,.20000001,31.125913,155.62956,6.2112986,20.811467,.79377061,-1.6094379,3.4380407,5,0,.0081528,0,"Broken or Intact Sheet",.04322449,.08595546,.27968292,.08901873,.50211841
"Intact Sheet","Intact Sheet",2.5452945,.1,.015,.004,13,46.3,"N","N","N","N","Stick","",55.5,200,8,.01079098,.2758557,.69062104,.01474363,.00798864,.69062104,1000,13,.23,498.348,1.092e+09,3.9319474,.26666669,40.654811,152.45553,6.2112986,20.811467,1.3691348,-1.3217558,3.7051172,5,0,.0000521,0,"Broken or Intact Sheet",.03159114,.06516095,.23632858,.08416516,.58275417
"Splash","Splash",2.5452945,.1,.02,.0005,13,62.3,"143","B","N","N","BUP","BAD Droplet",74.8,201,9,.00005071,.00181398,.16471109,.19943859,.63398564,.63398564,1000,13,.23,498.348,6.144e+08,.06143668,.025,5.4724871,218.89947,6.2112986,20.236103,-2.7897482,-3.6888794,1.6997332,1,1,.9999768,1,"Splash",.09792049,.16485077,.3615537,.08003378,.29564127
"Splash","Splash",2.5452945,.1,.02,.0015,13,63.8,"213","B","Y","N","Fall","Concavity Change",76.5,202,10,.0001641,.00584533,.38675728,.25859758,.34863571,.38675728,1000,13,.23,498.348,6.144e+08,.55293007,.075,16.064641,214.1952,6.2112986,20.236103,-.59252375,-2.5902671,2.7766206,1,1,.9986264,1,"Splash",.07027348,.12856599,.33759515,.0874787,.37608668
"Broken Sheet","Broken Sheet",2.5452945,.1,.02,.003,13,68.8,"N","N","Y","N","Fall","Concavity Change",82.6,203,11,.00095459,.03304534,.75616099,.1256415,.08419759,.75616099,1000,13,.23,498.348,6.144e+08,2.2117203,.15,31.125913,207.50608,6.2112986,20.236103,.79377061,-1.89712,3.4380407,1,0,.4197959,0,"Broken or Intact Sheet",.04322449,.08595546,.27968292,.08901873,.50211841
"Intact Sheet","Intact Sheet",2.5452945,.1,.02,.004,13,65.3,"N","N","N","N","Stick","Bad Droplet",78.3,204,12,.00308265,.09917291,.82190666,.04821304,.02762475,.82190666,1000,13,.23,498.348,6.144e+08,3.9319474,.20000001,40.654811,203.27404,6.2112986,20.236103,1.3691348,-1.6094378,3.7051172,1,0,.0041781,0,"Broken or Intact Sheet",.03159114,.06516095,.23632858,.08416516,.58275417
"Splash","Splash",2.5452945,.1,.025,.0005,13,78.1,"159","B","N","N","BUP","",93.7,205,13,.00001438,.0005149,.05308797,.08701634,.85936642,.85936642,1000,13,.23,498.348,3.932e+08,.06143668,.02,5.4724871,273.62435,6.2112986,19.789815,-2.7897482,-3.912023,1.6997332,2,1,.9999997,1,"Splash",.09792049,.16485077,.3615537,.08003378,.29564127
"Splash","Splash",2.5452945,.1,.025,.0015,13,99.3,"197","B","N","N","Fall","",119.1,206,14,.00004652,.00166428,.1532277,.19129375,.65376775,.65376775,1000,13,.23,498.348,3.932e+08,.55293007,.06,16.064641,267.74402,6.2112986,19.789815,-.59252375,-2.8134107,2.7766206,2,1,.9999811,1,"Splash",.07027348,.12856599,.33759515,.0874787,.37608668
"Splash","Splash",2.5452945,.1,.025,.003,13,94.2,"209","B","N","N","Fall","Not Smooth Impact Surface",113,207,15,.00027077,.00960751,.50641888,.23879364,.2449092,.50641888,1000,13,.23,498.348,3.932e+08,2.2117203,.12,31.125913,259.38261,6.2112986,19.789815,.79377061,-2.1202635,3.4380407,2,1,.9787216,1,"Splash",.04322449,.08595546,.27968292,.08901873,.50211841
"Intact Sheet","Intact Sheet",2.5452945,.1,.025,.004,13,92.8,"N","N","N","N","Fall","Concavity Change, Sheet held, Big",111.4,208,16,.00087574,.0304013,.74421855,.13341007,.09109433,.74421855,1000,13,.23,498.348,3.932e+08,3.9319474,.16000001,40.654811,254.09256,6.2112986,19.789815,1.3691348,-1.8325814,3.7051172,2,0,.1967204,0,"Broken or Intact Sheet",.03159114,.06516095,.23632858,.08416516,.58275417
"Broken Sheet","Broken Sheet",2.5452945,.15,.01,.0005,13,32.8,"97","T","N","N","OUT","",39.3,209,1,.00099741,.03447502,.76187841,.12177713,.08087203,.76187841,1000,33,.49,196.31891,1.374e+09,.03436069,.05,2.5633274,51.266543,5.2797404,21.041303,-3.3708422,-2.9957322,.94130616,5,0,.0137744,0,"Broken or Intact Sheet",.10705936,.1754184,.36485982,.07729354,.27536887
"Intact Sheet","Intact Sheet",2.5452945,.15,.01,.0015,13,30.9,"N","N","N","N","Stick","",37.1,210,2,.00322062,.10313806,.82082516,.04634709,.02646907,.82082516,1000,33,.49,196.31891,1.374e+09,.30924615,.15,7.4942769,49.961844,5.2797404,21.041303,-1.1736177,-1.89712,2.0141396,5,0,.0022163,0,"Broken or Intact Sheet",.09198509,.15762333,.35837869,.08178487,.31022802
"Intact Sheet","Intact Sheet",2.5452945,.15,.01,.003,13,33.7,"N","N","N","N","Stick","",40.4,211,3,.01846278,.39082885,.57739793,.00866191,.00464853,.57739793,1000,33,.49,196.31891,1.374e+09,1.2369846,.30000001,14.43742,48.124731,5.2797404,21.041303,.21267665,-1.2039728,2.6698234,5,0,.0000896,0,"Broken or Intact Sheet",.07399435,.13385154,.34238453,.08663764,.36313194
"Intact Sheet","Intact Sheet",2.5452945,.15,.01,.004,13,31.4,"N","N","N","N","Stick","",37.7,212,4,.05737997,.6341967,.30427215,.00271013,.00144105,.6341967,1000,33,.49,196.31891,1.374e+09,2.1990839,.40000003,18.789301,46.97325,5.2797404,21.041303,.78804088,-.91629066,2.9332876,5,0,7.73e-06,0,"Broken or Intact Sheet",.06442849,.11999371,.32879763,.08860783,.39817234
"Splash","Splash",2.5452945,.15,.015,.0005,13,40,"140","B","N","N","OUT","",48,213,5,.00028293,.01003433,.51693937,.23586551,.23687786,.51693937,1000,33,.49,196.31891,6.109e+08,.03436069,.03333334,2.5633274,76.899815,5.2797404,20.230373,-3.3708422,-3.4011973,.94130616,1,1,.2043783,0,"Splash",.10705936,.1754184,.36485982,.07729354,.27536887
"Broken Sheet","Broken Sheet",2.5452945,.15,.015,.0015,13,42.8,"N","N","N","N","Stick","",51.3,214,6,.00091503,.03172058,.75041444,.12942754,.08752241,.75041444,1000,33,.49,196.31891,6.109e+08,.30924615,.1,7.4942769,74.942766,5.2797404,20.230373,-1.1736177,-2.3025851,2.0141396,1,0,.0367082,0,"Broken or Intact Sheet",.09198509,.15762333,.35837869,.08178487,.31022802
"Intact Sheet","Intact Sheet",2.5452945,.15,.015,.003,13,44.6,"N","N","N","N","Stick","",53.5,215,7,.00530362,.15885874,.79040913,.02921974,.01620877,.79040913,1000,33,.49,196.31891,6.109e+08,1.2369846,.20000001,14.43742,72.187097,5.2797404,20.230373,.21267665,-1.6094379,2.6698234,1,0,.001389,0,"Broken or Intact Sheet",.07399435,.13385154,.34238453,.08663764,.36313194
"Intact Sheet","Intact Sheet",2.5452945,.15,.015,.004,13,46.4,"N","N","N","N","Stick","",55.7,216,8,.01696234,.37164187,.59690319,.00942727,.00506533,.59690319,1000,33,.49,196.31891,6.109e+08,2.1990839,.26666669,18.789301,70.459875,5.2797404,20.230373,.78804088,-1.3217558,2.9332876,1,0,.0001126,0,"Broken or Intact Sheet",.06442849,.11999371,.32879763,.08860783,.39817234
"Splash","Splash",2.5452945,.15,.02,.0005,13,46.6,"119","B","N","N","OUT","",55.9,217,9,.00008022,.0028661,.23725992,.23710675,.52268702,.52268702,1000,33,.49,196.31891,3.436e+08,.03436069,.025,2.5633274,102.53309,5.2797404,19.655009,-3.3708422,-3.6888794,.94130616,2,1,.7118816,1,"Splash",.10705936,.1754184,.36485982,.07729354,.27536887
"Broken Sheet","Broken Sheet",2.5452945,.15,.02,.0015,13,51.4,"198","M","Y","N","Fall","Sheet Changes Concavity",61.7,218,10,.00025954,.00921286,.49623887,.24146051,.25282822,.49623887,1000,33,.49,196.31891,3.436e+08,.30924615,.075,7.4942769,99.923689,5.2797404,19.655009,-1.1736177,-2.5902671,2.0141396,2,0,.2567633,0,"Broken or Intact Sheet",.09198509,.15762333,.35837869,.08178487,.31022802
"Broken Sheet","Broken Sheet",2.5452945,.15,.02,.003,13,53.8,"194","M","N","N","Fall","",64.5,219,11,.0015091,.05122776,.80350726,.08882476,.05493113,.80350726,1000,33,.49,196.31891,3.436e+08,1.2369846,.15,14.43742,96.249462,5.2797404,19.655009,.21267665,-1.89712,2.6698234,2,0,.0114572,0,"Broken or Intact Sheet",.07399435,.13385154,.34238453,.08663764,.36313194
"Intact Sheet","Intact Sheet",2.5452945,.15,.02,.004,13,56.9,"N","N","N","N","Stick","",68.3,220,12,.0048673,.14779551,.79801655,.0316769,.01764374,.79801655,1000,33,.49,196.31891,3.436e+08,2.1990839,.20000001,18.789301,93.9465,5.2797404,19.655009,.78804088,-1.6094378,2.9332876,2,0,.0008884,0,"Broken or Intact Sheet",.06442849,.11999371,.32879763,.08860783,.39817234
"Splash","Splash",2.5452945,.15,.025,.0005,13,57.3,"156","B","T","N","BUP","",68.8,221,13,.00002274,.00081419,.08140768,.12338157,.79437382,.79437382,1000,33,.49,196.31891,2.199e+08,.03436069,.02,2.5633274,128.16636,5.2797404,19.208721,-3.3708422,-3.912023,.94130616,2,1,.9517231,1,"Splash",.10705936,.1754184,.36485982,.07729354,.27536887
"Broken Sheet","Broken Sheet",2.5452945,.15,.025,.0015,13,67.3,"196","M","N","N","Fall","Fall Over",80.8,222,14,.00007358,.00262981,.22210917,.23102802,.54415941,.54415941,1000,33,.49,196.31891,2.199e+08,.30924615,.06,7.4942769,124.90462,5.2797404,19.208721,-1.1736177,-2.8134107,2.0141396,2,0,.7228993,1,"Broken or Intact Sheet",.09198509,.15762333,.35837869,.08178487,.31022802
"Intact Sheet","Intact Sheet",2.5452945,.15,.025,.003,13,68.3,"N","N","N","N","Fall","",81.9,223,15,.00042823,.01510763,.61248953,.20181461,.17015999,.61248953,1000,33,.49,196.31891,2.199e+08,1.2369846,.12,14.43742,120.31183,5.2797404,19.208721,.21267665,-2.1202635,2.6698234,2,0,.0748878,0,"Broken or Intact Sheet",.07399435,.13385154,.34238453,.08663764,.36313194
"Intact Sheet","Intact Sheet",2.5452945,.15,.025,.004,13,62.3,"N","N","N","N","Stick","",74.8,224,16,.00138452,.04720439,.79670409,.09512041,.05958659,.79670409,1000,33,.49,196.31891,2.199e+08,2.1990839,.16000001,18.789301,117.43313,5.2797404,19.208721,.78804088,-1.8325814,2.9332876,2,0,.0058772,0,"Broken or Intact Sheet",.06442849,.11999371,.32879763,.08860783,.39817234
"Crater","Crater",2.5452945,.25,.01,.0005,13,23.1,"N","N","N","N","Stuck","",27.7,225,1,.00249178,.08177047,.82352446,.0582409,.03397241,.82352446,1000,64,.96,101.22694,6.944e+08,.01736111,.05,1.3085376,26.17075,4.6173649,20.358623,-4.0535225,-2.9957322,.26891016,1,0,.0037313,0,"Crater",.11122799,.18002092,.36581443,.07604079,.26689587
"Crater","Crater",2.5452945,.25,.01,.0015,13,20.3,"N","N","N","N","Stuck","",24.4,226,2,.00801916,.2214341,.74011309,.01968362,.01075002,.74011309,1000,64,.96,101.22694,6.944e+08,.15625,.15,3.8266794,25.511195,4.6173649,20.358623,-1.856298,-1.89712,1.3419974,1,0,.0015111,0,"Crater",.10300182,.17080869,.36361006,.07851328,.28406615
"Crater","Crater",2.5452945,.25,.01,.003,13,21.3,"N","N","N","N","Stuck","",25.6,227,3,.04494726,.58923286,.36045709,.00349966,.00186313,.58923286,1000,64,.96,101.22694,6.944e+08,.62500001,.30000001,7.3745778,24.581925,4.6173649,20.358623,-.47000361,-1.2039728,1.9980386,1,0,.0003092,0,"Crater",.0923273,.15804804,.35858622,.08168501,.30935343
"Crater","Crater",2.5452945,.25,.01,.004,13,25.3,"N","N","N","N","Stuck","",30.4,228,4,.1321729,.71654585,.14961795,.00108684,.00057646,.71654585,1000,64,.96,101.22694,6.944e+08,1.1111112,.40000003,9.599653,23.999131,4.6173649,20.358623,.10536061,-.91629066,2.2617269,1,0,.0000917,0,"Crater",.08614987,.15022725,.35433626,.08345733,.32582929
"Intact Sheet","Intact Sheet",2.5452945,.25,.015,.0005,13,38.8,"N","N","N","N","Stuck","",46.5,229,5,.00070758,.02471218,.71076287,.15344664,.11037073,.71076287,1000,64,.96,101.22694,3.086e+08,.01736111,.03333334,1.3085376,39.256125,4.6173649,19.547693,-4.0535225,-3.4011973,.26891016,2,0,.0161254,0,"Broken or Intact Sheet",.11122799,.18002092,.36581443,.07604079,.26689587
"Crater","Crater",2.5452945,.25,.015,.0015,13,31.4,"N","N","N","N","Stuck","Bad Droplet",37.7,230,6,.00228625,.07555221,.82246639,.06277416,.03692099,.82246639,1000,64,.96,101.22694,3.086e+08,.15625,.1,3.8266794,38.266793,4.6173649,19.547693,-1.856298,-2.3025851,1.3419974,2,0,.0062884,0,"Crater",.10300182,.17080869,.36361006,.07851328,.28406615
"Crater","Crater",2.5452945,.25,.015,.003,13,30.5,"N","N","N","N","Stuck","",36.6,231,7,.01316474,.3163254,.65184386,.01212399,.00654201,.65184386,1000,64,.96,101.22694,3.086e+08,.62500001,.20000001,7.3745778,36.872888,4.6173649,19.547693,-.47000361,-1.6094379,1.9980386,2,0,.0012092,0,"Crater",.0923273,.15804804,.35858622,.08168501,.30935343
"Crater","Crater",2.5452945,.25,.015,.004,13,30,"N","N","N","N","Stuck","",36,232,8,.04138522,.57255451,.380217,.00381257,.0020307,.57255451,1000,64,.96,101.22694,3.086e+08,1.1111112,.26666669,9.599653,35.998696,4.6173649,19.547693,.10536061,-1.3217558,2.2617269,2,0,.0003441,0,"Crater",.08614987,.15022725,.35433626,.08345733,.32582929
"Intact Sheet","Intact Sheet",2.5452945,.25,.02,.0005,13,49.8,"N","N","N","N","Stuck","",59.8,233,9,.00020067,.00713849,.43431221,.25391557,.30443306,.43431221,1000,64,.96,101.22694,1.736e+08,.01736111,.025,1.3085376,52.3415,4.6173649,18.972328,-4.0535225,-3.6888794,.26891016,3,0,.0492701,0,"Broken or Intact Sheet",.11122799,.18002092,.36581443,.07604079,.26689587
"Intact Sheet","Intact Sheet",2.5452945,.25,.02,.0015,13,43.4,"N","N","N","N","Stuck","",52.1,234,10,.00064912,.02271827,.69571863,.16178151,.11913246,.69571863,1000,64,.96,101.22694,1.736e+08,.15625,.075,3.8266794,51.02239,4.6173649,18.972328,-1.856298,-2.5902671,1.3419974,3,0,.0189538,0,"Broken or Intact Sheet",.10300182,.17080869,.36361006,.07851328,.28406615
"Crater","Crater",2.5452945,.25,.02,.003,13,40.2,"N","N","N","N","Stuck","",48.2,235,11,.00376722,.11849543,.81485395,.04017975,.02270365,.81485395,1000,64,.96,101.22694,1.736e+08,.62500001,.15,7.3745778,49.16385,4.6173649,18.972328,-.47000361,-1.89712,1.9980386,3,0,.0035023,0,"Crater",.0923273,.15804804,.35858622,.08168501,.30935343
"Crater","Crater",2.5452945,.25,.02,.004,13,36,"N","N","N","N","Stuck","",43.2,236,12,.01208956,.29862503,.66897138,.01318665,.00712738,.66897138,1000,64,.96,101.22694,1.736e+08,1.1111112,.20000001,9.599653,47.998261,4.6173649,18.972328,.10536061,-1.6094378,2.2617269,3,0,.0009667,0,"Crater",.08614987,.15022725,.35433626,.08345733,.32582929
"Intact Sheet","Intact Sheet",2.5452945,.25,.025,.0005,13,55.9,"N","N","N","N","Stuck","",67.1,237,13,.00005689,.00203447,.18105915,.20992376,.60692574,.60692574,1000,64,.96,101.22694,1.111e+08,.01736111,.02,1.3085376,65.426877,4.6173649,18.526041,-4.0535225,-3.912023,.26891016,3,0,.1298679,0,"Broken or Intact Sheet",.11122799,.18002092,.36581443,.07604079,.26689587
"Intact Sheet","Intact Sheet",2.5452945,.25,.025,.0015,13,56.3,"N","N","N","N","Stuck","",67.6,238,14,.00018409,.00655243,.41375612,.25650045,.32300691,.41375612,1000,64,.96,101.22694,1.111e+08,.15625,.06,3.8266794,63.77799,4.6173649,18.526041,-1.856298,-2.8134107,1.3419974,3,0,.0511865,0,"Broken or Intact Sheet",.10300182,.17080869,.36361006,.07851328,.28406615
"Crater","Crater",2.5452945,.25,.025,.003,13,45.8,"N","N","N","N","Stuck","",54.9,239,15,.00107075,.03691349,.7706007,.1156676,.07574747,.7706007,1000,64,.96,101.22694,1.111e+08,.62500001,.12,7.3745778,61.454815,4.6173649,18.526041,-.47000361,-2.1202635,1.9980386,3,0,.0093031,0,"Crater",.0923273,.15804804,.35858622,.08168501,.30935343
"Crater","Crater",2.5452945,.25,.025,.004,13,49,"N","N","N","N","Stuck","Vertical End",58.8,240,16,.00345685,.10984345,.81853547,.04346503,.02469919,.81853547,1000,64,.96,101.22694,1.111e+08,1.1111112,.16000001,9.599653,59.997829,4.6173649,18.526041,.10536061,-1.8325814,2.2617269,3,0,.0025074,0,"Crater",.08614987,.15022725,.35433626,.08345733,.32582929
"Lump","Lump",2.5452945,1,.01,.0005,13,13.5,"N","N","N","Y","Stuck","Fill back",16.2,241,1,.70804,.28088965,.01096573,.0000684,.00003622,.70804,1000,106,2.1,61.118151,2.404e+08,.00600907,.05,.60007245,12.001448,4.1128089,19.29766,-5.1144851,-2.9957322,-.51070488,2,0,.0021688,0,"Lump",.11364385,.18262754,.36622611,.07531666,.26218583
"Lump","Lump",2.5452945,1,.01,.0015,13,16.1,"N","N","N","Y","Stuck","Fill back",19.3,242,2,.88698214,.10957069,.00341484,.00002114,.00001119,.88698214,1000,106,2.1,61.118151,2.404e+08,.05408163,.15,1.7655482,11.770321,4.1128089,19.29766,-2.9172606,-1.89712,.56846121,2,0,.0015118,0,"Lump",.10969353,.17834227,.36550002,.0765016,.26996258
"Lump","Lump",2.5452945,1,.01,.003,13,16.1,"N","N","N","Y","Stuck","Boing",19.3,243,3,.97858198,.0208242,.00058827,3.631e-06,1.923e-06,.97858198,1000,106,2.1,61.118151,2.404e+08,.21632653,.30000001,3.4319558,11.439852,4.1128089,19.29766,-1.5309663,-1.2039728,1.2331303,2,0,.000813,0,"Lump",.10425472,.17224594,.36403144,.07813688,.28133102
"Lump","Lump",2.5452945,1,.01,.004,13,14.3,"N","N","N","Y","Stuck","Great boing",17.2,244,4,.99328229,.00653414,.00018185,1.122e-06,5.941e-07,.99328229,1000,106,2.1,61.118151,2.404e+08,.38458054,.40000003,4.4918643,11.22966,4.1128089,19.29766,-.95560206,-.91629066,1.5022678,2,0,.0005095,0,"Lump",.10092058,.16839358,.36283684,.07913752,.28871148
"Lump","Lump",2.5452945,1,.015,.0005,13,24,"N","N","N","Y","Stuck","Fill back",28.8,245,5,.40738166,.55462713,.03762222,.00024122,.00012778,.55462713,1000,106,2.1,61.118151,1.068e+08,.00600907,.03333334,.60007245,18.002172,4.1128089,18.48673,-5.1144851,-3.4011973,-.51070488,3,0,.0040008,0,"Lump",.11364385,.18262754,.36622611,.07531666,.26218583
"Lump","Lump",2.5452945,1,.015,.0015,13,24,"N","N","N","Y","Stuck","Fill back",28.8,246,6,.68988787,.29805614,.01194195,.00007456,.00003949,.68988787,1000,106,2.1,61.118151,1.068e+08,.05408163,.1,1.7655482,17.655481,4.1128089,18.48673,-2.9172606,-2.3025851,.56846121,3,0,.0027097,0,"Lump",.10969353,.17834227,.36550002,.0765016,.26996258
"Lump","Lump",2.5452945,1,.015,.003,13,22.7,"N","N","N","Y","Stuck","Boing",27.2,247,7,.92832155,.0695867,.00207217,.00001281,6.783e-06,.92832155,1000,106,2.1,61.118151,1.068e+08,.21632653,.20000001,3.4319558,17.159779,4.1128089,18.48673,-1.5309663,-1.6094379,1.2331303,3,0,.001396,0,"Lump",.10425472,.17224594,.36403144,.07813688,.28133102
"Lump","Lump",2.5452945,1,.015,.004,13,18.5,"N","N","N","Y","Stuck","Boing",22.2,248,8,.97669675,.02265595,.00064125,3.958e-06,2.096e-06,.97669675,1000,106,2.1,61.118151,1.068e+08,.38458054,.26666669,4.4918643,16.84449,4.1128089,18.48673,-.95560206,-1.3217558,1.5022678,3,0,.0008503,0,"Lump",.10092058,.16839358,.36283684,.07913752,.28871148
"Lump","Lump",2.5452945,1,.02,.0005,13,32.8,"N","N","N","Y","Stuck","Fill back",39.3,249,9,.16308049,.71463636,.12098263,.0008499,.00045062,.71463636,1000,106,2.1,61.118151,60090706,.00600907,.025,.60007245,24.002896,4.1128089,17.911366,-5.1144851,-3.6888794,-.51070488,3,0,.0066126,0,"Lump",.11364385,.18262754,.36622611,.07531666,.26218583
"Lump","Lump",2.5452945,1,.02,.0015,13,30,"N","N","N","Y","Stuck","Fill back",36,250,10,.38672757,.57199872,.04087147,.00026294,.00013929,.57199872,1000,106,2.1,61.118151,60090706,.05408163,.075,1.7655482,23.540641,4.1128089,17.911366,-2.9172606,-2.5902671,.56846121,3,0,.0043982,0,"Lump",.10969353,.17834227,.36550002,.0765016,.26996258
"Lump","Lump",2.5452945,1,.02,.003,13,30.4,"N","N","N","Y","Stuck","Fill back",36.5,251,11,.78591981,.20673963,.00727144,.00004519,.00002393,.78591981,1000,106,2.1,61.118151,60090706,.21632653,.15,3.4319558,22.879705,4.1128089,17.911366,-1.5309663,-1.89712,1.2331303,3,0,.0022053,0,"Lump",.10425472,.17224594,.36403144,.07813688,.28133102
"Lump","Lump",2.5452945,1,.02,.004,13,35.6,"N","N","N","Y","Stuck","Fill Back",42.7,252,12,.92236333,.07535683,.00225848,.00001396,7.394e-06,.92236333,1000,106,2.1,61.118151,60090706,.38458054,.20000001,4.4918643,22.45932,4.1128089,17.911366,-.95560206,-1.6094378,1.5022678,3,0,.0013194,0,"Lump",.10092058,.16839358,.36283684,.07913752,.28871148
"Lump","Lump",2.5452945,1,.025,.0005,13,42,"N","N","N","Y","Stuck","Fill back",50.4,253,13,.05234332,.61812432,.32495936,.00298508,.00158792,.61812432,1000,106,2.1,61.118151,38458049,.00600907,.02,.60007245,30.003622,4.1128089,17.465079,-5.1144851,-3.912023,-.51070488,3,0,.0105816,0,"Lump",.11364385,.18262754,.36622611,.07531666,.26218583
"Lump","Lump",2.5452945,1,.025,.0015,13,37.9,"N","N","N","Y","Stuck","Fill Back",45.5,254,14,.15164298,.71650663,.13043283,.00092635,.00049122,.71650663,1000,106,2.1,61.118151,38458049,.05408163,.06,1.7655482,29.425803,4.1128089,17.465079,-2.9172606,-2.8134107,.56846121,3,0,.0069441,0,"Lump",.10969353,.17834227,.36550002,.0765016,.26996258
"Lump","Lump",2.5452945,1,.025,.003,13,41.5,"N","N","N","Y","Stuck","Fill back",49.8,255,15,.50995374,.46462177,.02518071,.00015937,.00008441,.50995374,1000,106,2.1,61.118151,38458049,.21632653,.12,3.4319558,28.599632,4.1128089,17.465079,-1.5309663,-2.1202635,1.2331303,3,0,.0034116,0,"Lump",.10425472,.17224594,.36403144,.07813688,.28133102
"Lump","Lump",2.5452945,1,.025,.004,13,41.1,"N","N","N","Y","Stuck","Fill Back",49.3,256,16,.77104397,.22095922,.00792146,.00004926,.00002608,.77104397,1000,106,2.1,61.118151,38458049,.38458054,.16000001,4.4918643,28.074151,4.1128089,17.465079,-.95560206,-1.8325814,1.5022678,3,0,.0020136,0,"Lump",.10092058,.16839358,.36283684,.07913752,.28871148
