newcatc,newcat,velocity,weightpercentw,diametermm,thicknessmm,heightin,craterdiameterfromouteredgesmm,whenbreakupstartsframe,breakuplocation,inflectionpoint,retraction,category,comments,craterdiameterfromouteredgesmmno,rownum,blocknum,pcat1,pcat2,pcat3,pcat4,pcat5,pcatmax,rho,sigma,nu,pi1,pi2,pi3,pi4,pi5,pi6,lpi1,lpi2,lpi3,lpi4,lpi5,_clus_2,splash,predsplash,issplash,newcat1,aaa1,aaa2,aaa3,aaa4,aaa5
Splash,Splash,6.3534391,0.1,0.01,0.0005,81,37.8,54,B,N,N,BUP,,45.4,1,1,1.10E-06,0.00003925,0.00425778,0.00801706,0.98768482,0.98768482,1000.2,13,0.23,3105.712433,2.46E+01,0.06144896,0.05,13.75340966,275.0681931,8.0407984,21.622397,-2.7897482,-2.9957322,2.6210868,4,1,1,1,Splash,0.07561849,0.13611774,0.34429477,0.08624671,0.35772228
Splash,Splash,6.3534391,0.1,0.01,0.0015,81,54.3,107,T,N,N,SD,,65.1,2,2,3.55E-06,0.00012701,0.01364655,0.02500898,0.96121392,0.96121392,1000.2,13,0.23,3105.712433,2.46E+01,0.553040643,0.15,40.89800163,272.6533442,8.0407984,21.622397,-0.59252375,-1.89712,3.7108812,4,1,1,1,Splash,0.03134638,0.06470616,0.23524659,0.08399532,0.58470555
Splash,Splash,6.3534391,0.1,0.01,0.003,81,59.7,N,N,N,Sheet,SD,,71.6,3,3,0.00002064,0.00073895,0.0744505,0.11501588,0.80977404,0.80977404,1000.2,13,0.23,3105.712433,2.46E+01,2.212162571,0.3,80.73286147,269.1095382,8.0407984,21.622397,0.79377061,-1.2039728,4.3909457,4,1,0.9991627,1,Splash,0.00822963,0.0182945,0.08619548,0.04134602,0.84593438
Broken Sheet,Broken Sheet,6.3534391,0.1,0.01,0.004,81,57.2,N,N,N,Sheet,Stick,Sheet Stick,68.6,4,4,0.00006678,0.0023872,0.20589832,0.22353691,0.56811079,0.56811079,1000.2,13,0.23,3105.712433,2.46E+01,3.932733459,0.4,106.7190959,266.7977396,8.0407984,21.622397,1.3691348,-0.91629066,4.6700002,4,0,0.0550025,0,Broken or Intact Sheet,0.00340344,0.00768581,0.03859684,0.02004205,0.93027186
Splash,Splash,6.3534391,0.1,0.015,0.0005,81,57.3,81,B,N,N,BUP,Cool Sheet Expansion,68.7,5,5,3.11E-07,0.00001113,0.00121067,0.00229983,0.99647806,0.99647806,1000.2,13,0.23,3105.712433,5.53E+01,0.06144896,0.033333333,13.75340966,412.6022897,8.0407984,20.811467,-2.7897482,-3.4011973,2.6210868,5,1,1,1,Splash,0.07561849,0.13611774,0.34429477,0.08624671,0.35772228
Splash,Splash,6.3534391,0.1,0.015,0.0015,81,56.7,97,T,Y,N,SD,,68,6,6,1.01E-06,0.00003601,0.00390719,0.0073644,0.98869141,0.98869141,1000.2,13,0.23,3105.712433,5.53E+01,0.553040643,0.1,40.89800163,408.9800163,8.0407984,20.811467,-0.59252375,-2.3025851,3.7108812,5,1,1,1,Splash,0.03134638,0.06470616,0.23524659,0.08399532,0.58470555
Splash,Splash,6.3534391,0.1,0.015,0.003,81,82.1,192,T,N,N,SD,,98.5,7,7,5.85E-06,0.00020958,0.02231798,0.03989771,0.93756889,0.93756889,1000.2,13,0.23,3105.712433,5.53E+01,2.212162571,0.2,80.73286147,403.6643074,8.0407984,20.811467,0.79377061,-1.6094379,4.3909457,5,1,1,1,Splash,0.00822963,0.0182945,0.08619548,0.04134602,0.84593438
Splash,Splash,6.3534391,0.1,0.015,0.004,81,75.5,117,M,Y,Sheet,SD,Lop-sided droplet,90.6,8,8,0.00001893,0.0006779,0.06872724,0.10786384,0.82271208,0.82271208,1000.2,13,0.23,3105.712433,5.53E+01,3.932733459,0.266666667,106.7190959,400.1966095,8.0407984,20.811467,1.3691348,-1.3217558,4.6700002,5,1,0.9998559,1,Splash,0.00340344,0.00768581,0.03859684,0.02004205,0.93027186
Splash,Splash,6.3534391,0.1,0.02,0.0005,81,74.3,90,B,N,N,BUP,,89.2,9,9,8.80E-08,3.15E-06,0.00034348,0.00065413,0.99899914,0.99899914,1000.2,13,0.23,3105.712433,9.83E+01,0.06144896,0.025,13.75340966,550.1363863,8.0407984,20.236103,-2.7897482,-3.6888794,2.6210868,1,1,1,1,Splash,0.07561849,0.13611774,0.34429477,0.08624671,0.35772228
Splash,Splash,6.3534391,0.1,0.02,0.0015,81,74.9,104,M,N,N,SD,,89.9,10,10,2.85E-07,0.00001021,0.0011107,0.00211053,0.99676828,0.99676828,1000.2,13,0.23,3105.712433,9.83E+01,0.553040643,0.075,40.89800163,545.3066885,8.0407984,20.236103,-0.59252375,-2.5902671,3.7108812,1,1,1,1,Splash,0.03134638,0.06470616,0.23524659,0.08399532,0.58470555
Splash,Splash,6.3534391,0.1,0.02,0.003,81,96.8,159,M,Y,N,SD,Silo,116.1,11,11,1.66E-06,0.00005942,0.00643107,0.01203331,0.98147455,0.98147455,1000.2,13,0.23,3105.712433,9.83E+01,2.212162571,0.15,80.73286147,538.2190765,8.0407984,20.236103,0.79377061,-1.89712,4.3909457,1,1,1,1,Splash,0.00822963,0.0182945,0.08619548,0.04134602,0.84593438
Splash,Splash,6.3534391,0.1,0.02,0.004,81,92.6,211,M,N,N,SD,,111.1,12,12,5.37E-06,0.00019226,0.02051151,0.03685788,0.94243299,0.94243299,1000.2,13,0.23,3105.712433,9.83E+01,3.932733459,0.2,106.7190959,533.5954793,8.0407984,20.236103,1.3691348,-1.6094378,4.6700002,1,1,1,1,Splash,0.00340344,0.00768581,0.03859684,0.02004205,0.93027186
Splash,Splash,6.3534391,0.1,0.025,0.0005,81,96.2,91,B,N,N,BUP,Wide,115.4,13,13,2.50E-08,8.94E-07,0.00009739,0.0001856,0.99971609,0.99971609,1000.2,13,0.23,3105.712433,1.54E+02,0.06144896,0.02,13.75340966,687.6704828,8.0407984,19.789815,-2.7897482,-3.912023,2.6210868,2,1,1,1,Splash,0.07561849,0.13611774,0.34429477,0.08624671,0.35772228
Splash,Splash,6.3534391,0.1,0.025,0.0015,81,101.5,105,B,N,N,BUP,BAD - Half of Droplet Off Surface,121.8,14,14,8.07E-08,2.89E-06,0.00031509,0.00060012,0.99908181,0.99908181,1000.2,13,0.23,3105.712433,1.54E+02,0.553040643,0.06,40.89800163,681.6333606,8.0407984,19.789815,-0.59252375,-2.8134107,3.7108812,2,1,1,1,Splash,0.03134638,0.06470616,0.23524659,0.08399532,0.58470555
Splash,Splash,6.3534391,0.1,0.025,0.003,81,113.3,146,M,N,N,SD,BAD - Half of Droplet Off Surface,136,15,15,4.70E-07,0.00001684,0.00183155,0.00347301,0.99467813,0.99467813,1000.2,13,0.23,3105.712433,1.54E+02,2.212162571,0.12,80.73286147,672.7738456,8.0407984,19.789815,0.79377061,-2.1202635,4.3909457,2,1,1,1,Splash,0.00822963,0.0182945,0.08619548,0.04134602,0.84593438
Splash,Splash,6.3534391,0.1,0.025,0.004,81,109.8,587,M,Y,N,SD,,131.7,16,16,1.52E-06,0.0000545,0.00590261,0.01106138,0.98297999,0.98297999,1000.2,13,0.23,3105.712433,1.54E+02,3.932733459,0.16,106.7190959,666.9943491,8.0407984,19.789815,1.3691348,-1.8325814,4.6700002,2,1,1,1,Splash,0.00340344,0.00768581,0.03859684,0.02004205,0.93027186
Splash,Splash,6.3534391,0.15,0.01,0.0005,81,33.6,54,T,N,N,DIS,,40.3,17,1,1.73E-06,0.00006208,0.00671786,0.01255952,0.98065881,0.98065881,1000.3,33,0.49,1223.584796,1.37E+01,0.034370991,0.05,6.450856269,129.0171254,7.1092402,21.041303,-3.3708422,-2.9957322,1.863913,5,1,0.9997456,1,Splash,0.09501247,0.16134636,0.36010845,0.08089632,0.30263641
Splash,Splash,6.3534391,0.15,0.01,0.0015,81,39.5,83,N,N,N,DIS,,47.4,18,2,5.61E-06,0.00020089,0.02141241,0.03837788,0.94000321,0.94000321,1000.3,33,0.49,1223.584796,1.37E+01,0.309338921,0.15,19.15064078,127.6709385,7.1092402,21.041303,-1.1736177,-1.89712,2.9520362,5,1,0.9836497,1,Splash,0.06369991,0.11890162,0.32758217,0.08872858,0.40108773
Broken Sheet,Broken Sheet,6.3534391,0.15,0.01,0.003,81,44.8,129,M,N,Sheet,Stick,,53.8,19,3,0.00003264,0.00116831,0.11277687,0.15693439,0.72908779,0.72908779,1000.3,33,0.49,1223.584796,1.37E+01,1.237355685,0.3,37.71105611,125.7035204,7.1092402,21.041303,0.21267665,-1.2039728,3.6296534,5,0,0.0679247,0,Broken or Intact Sheet,0.03483088,0.0711123,0.24993357,0.08610796,0.55801529
Intact Sheet,Intact Sheet,6.3534391,0.15,0.01,0.004,81,47.9,N,N,N,N,Stick,Castle,57.5,20,4,0.00010562,0.00377047,0.29006012,0.25203259,0.4540312,0.4540312,1000.3,33,0.49,1223.584796,1.37E+01,2.19974344,0.4,49.77010097,124.4252524,7.1092402,21.041303,0.78804088,-0.91629066,3.9071145,5,0,0.0006122,0,Broken or Intact Sheet,0.02334501,0.04943039,0.19513368,0.07619397,0.65589696
Splash,Splash,6.3534391,0.15,0.015,0.0005,81,46,55,T,N,N,DIS,,55.2,21,5,4.91E-07,0.0000176,0.00191363,0.00362778,0.9944405,0.9944405,1000.3,33,0.49,1223.584796,3.09E+01,0.034370991,0.033333333,6.450856269,193.5256881,7.1092402,20.230373,-3.3708422,-3.4011973,1.863913,1,1,0.9999992,1,Splash,0.09501247,0.16134636,0.36010845,0.08089632,0.30263641
Splash,Splash,6.3534391,0.15,0.015,0.0015,81,51.9,84,M,N,N,DIS,"Droplet on edge, Bad test",62.3,22,6,1.59E-06,0.00005695,0.00616598,0.01154614,0.98222934,0.98222934,1000.3,33,0.49,1223.584796,3.09E+01,0.309338921,0.1,19.15064078,191.5064078,7.1092402,20.230373,-1.1736177,-2.3025851,2.9520362,1,1,0.999947,1,Splash,0.06369991,0.11890162,0.32758217,0.08872858,0.40108773
Splash,Splash,6.3534391,0.15,0.015,0.003,81,56.7,91,M,N,N,SD,,68,23,7,9.25E-06,0.00033146,0.03484071,0.06010913,0.90470945,0.90470945,1000.3,33,0.49,1223.584796,3.09E+01,1.237355685,0.2,37.71105611,188.5552805,7.1092402,20.230373,0.21267665,-1.6094379,3.6296534,1,1,0.9535996,1,Splash,0.03483088,0.0711123,0.24993357,0.08610796,0.55801529
Splash,Splash,6.3534391,0.15,0.015,0.004,81,60.8,142,M,N,N,Ring,Droplet on Edge,72.9,24,8,0.00002994,0.00107184,0.10444799,0.14865936,0.74579087,0.74579087,1000.3,33,0.49,1223.584796,3.09E+01,2.19974344,0.266666667,49.77010097,186.6378786,7.1092402,20.230373,0.78804088,-1.3217558,3.9071145,1,1,0.138888,0,Splash,0.02334501,0.04943039,0.19513368,0.07619397,0.65589696
Splash,Splash,6.3534391,0.15,0.02,0.0005,81,59,59,T,N,N,DIS,,70.8,25,9,1.39E-07,4.99E-06,0.0005432,0.00103388,0.9984178,0.9984178,1000.3,33,0.49,1223.584796,5.50E+01,0.034370991,0.025,6.450856269,258.0342507,7.1092402,19.655009,-3.3708422,-3.6888794,1.863913,2,1,1,1,Splash,0.09501247,0.16134636,0.36010845,0.08089632,0.30263641
Splash,Splash,6.3534391,0.15,0.02,0.0015,81,69.7,90,M,N,N,DIS,,83.6,26,10,4.51E-07,0.00001614,0.00175571,0.00332993,0.99489776,0.99489776,1000.3,33,0.49,1223.584796,5.50E+01,0.309338921,0.075,19.15064078,255.3418771,7.1092402,19.655009,-1.1736177,-2.5902671,2.9520362,2,1,0.9999997,1,Splash,0.06369991,0.11890162,0.32758217,0.08872858,0.40108773
Splash,Splash,6.3534391,0.15,0.02,0.003,81,70.8,115,M,N,N,DIS,,85,27,11,2.62E-06,0.00009398,0.01013382,0.0187601,0.97100947,0.97100947,1000.3,33,0.49,1223.584796,5.50E+01,1.237355685,0.15,37.71105611,251.4070407,7.1092402,19.655009,0.21267665,-1.89712,3.6296534,2,1,0.9996787,1,Splash,0.03483088,0.0711123,0.24993357,0.08610796,0.55801529
Splash,Splash,6.3534391,0.15,0.02,0.004,81,76.7,145,M,N,N,Ring,,92,28,12,8.49E-06,0.00030407,0.03205453,0.05573982,0.91189309,0.91189309,1000.3,33,0.49,1223.584796,5.50E+01,2.19974344,0.2,49.77010097,248.8505048,7.1092402,19.655009,0.78804088,-1.6094378,3.9071145,2,1,0.9583931,1,Splash,0.02334501,0.04943039,0.19513368,0.07619397,0.65589696
Splash,Splash,6.3534391,0.15,0.025,0.0005,81,71.4,74,T,N,N,DIS,,85.7,29,13,3.95E-08,1.41E-06,0.00015404,0.00029351,0.999551,0.999551,1000.3,33,0.49,1223.584796,8.59E+01,0.034370991,0.02,6.450856269,322.5428134,7.1092402,19.208721,-3.3708422,-3.912023,1.863913,2,1,1,1,Splash,0.09501247,0.16134636,0.36010845,0.08089632,0.30263641
Splash,Splash,6.3534391,0.15,0.025,0.0015,81,80.2,85,M,N,N,DIS,,96.2,30,14,1.28E-07,4.58E-06,0.00049831,0.00094857,0.99854841,0.99854841,1000.3,33,0.49,1223.584796,8.59E+01,0.309338921,0.06,19.15064078,319.1773463,7.1092402,19.208721,-1.1736177,-2.8134107,2.9520362,2,1,1,1,Splash,0.06369991,0.11890162,0.32758217,0.08872858,0.40108773
Splash,Splash,6.3534391,0.15,0.025,0.003,81,75.5,98,M,Y,N,SD,Horrible test,90.6,31,15,7.44E-07,0.00002664,0.00289395,0.00547065,0.99160802,0.99160802,1000.3,33,0.49,1223.584796,8.59E+01,1.237355685,0.12,37.71105611,314.2588009,7.1092402,19.208721,0.21267665,-2.1202635,3.6296534,2,1,0.9999974,1,Splash,0.03483088,0.0711123,0.24993357,0.08610796,0.55801529
Splash,Splash,6.3534391,0.15,0.025,0.004,81,82.7,107,M,Y,N,SD,"Horrible Test, Droplet on Edge",99.2,32,16,2.41E-06,0.00008621,0.009304,0.01726514,0.97334225,0.97334225,1000.3,33,0.49,1223.584796,8.59E+01,2.19974344,0.16,49.77010097,311.063131,7.1092402,19.208721,0.78804088,-1.8325814,3.9071145,2,1,0.999639,1,Splash,0.02334501,0.04943039,0.19513368,0.07619397,0.65589696
Splash,Splash,6.3534391,0.25,0.01,0.0005,81,30.7,55,M,N,N,DIS,,36.8,33,1,4.34E-06,0.00015532,0.01663694,0.03022878,0.95297463,0.95297463,1000.5,64,0.96,631.0370546,6.95E+00,0.017369792,0.05,3.293458269,65.86916539,6.4468647,20.358623,-4.0535225,-2.9957322,1.1914383,1,1,0.7023231,1,Splash,0.10470278,0.17275691,0.36417431,0.0780022,0.28036379
Broken Sheet,Broken Sheet,6.3534391,0.25,0.01,0.0015,81,33.1,68,M,N,Sheet,Stick,,39.7,34,2,0.00001403,0.00050246,0.05187266,0.08531324,0.86229761,0.86229761,1000.5,64,0.96,631.0370546,6.95E+00,0.156328125,0.15,9.778306493,65.18870996,6.4468647,20.358623,-1.856298,-1.89712,2.2796664,1,0,0.2239932,0,Broken or Intact Sheet,0.08568355,0.14962345,0.35397001,0.08358802,0.32713497
Intact Sheet,Intact Sheet,6.3534391,0.25,0.01,0.003,81,37.8,N,N,N,N,Stuck,,45.3,35,3,0.00008166,0.0029177,0.24048848,0.23829202,0.51822015,0.51822015,1000.5,64,0.96,631.0370546,6.95E+00,0.6253125,0.3,19.25819543,64.19398476,6.4468647,20.358623,-0.47000361,-1.2039728,2.9574368,1,0,0.0097592,0,Broken or Intact Sheet,0.06348894,0.11858441,0.32722501,0.0887626,0.40193903
Intact Sheet,Intact Sheet,6.3534391,0.25,0.01,0.004,81,46.1,N,N,N,N,Stuck,,55.3,36,4,0.00026423,0.00937758,0.50054269,0.24035326,0.24946224,0.50054269,1000.5,64,0.96,631.0370546,6.95E+00,1.111666667,0.4,25.41901199,63.54752998,6.4468647,20.358623,0.10536061,-0.91629066,3.2349976,1,0,0.0008899,0,Broken or Intact Sheet,0.05206888,0.10073436,0.30399944,0.08980497,0.45339234
Splash,Splash,6.3534391,0.25,0.015,0.0005,81,40.8,56,M,N,N,DIS,,48.9,37,5,1.23E-06,0.00004403,0.00477391,0.00897547,0.98620536,0.98620536,1000.5,64,0.96,631.0370546,1.56E+01,0.017369792,0.033333333,3.293458269,98.80374808,6.4468647,19.547693,-4.0535225,-3.4011973,1.1914383,2,1,0.9784958,1,Splash,0.10470278,0.17275691,0.36417431,0.0780022,0.28036379
Splash,Splash,6.3534391,0.25,0.015,0.0015,81,45.4,71,M,N,N,SD,,54.5,38,6,3.98E-06,0.00014248,0.01528298,0.02787668,0.95669388,0.95669388,1000.5,64,0.96,631.0370546,1.56E+01,0.156328125,0.1,9.778306493,97.78306493,6.4468647,19.547693,-1.856298,-2.3025851,2.2796664,2,1,0.8416548,1,Splash,0.08568355,0.14962345,0.35397001,0.08358802,0.32713497
Intact Sheet,Intact Sheet,6.3534391,0.25,0.015,0.003,81,48.9,N,N,N,N,Stick,Castle,58.7,39,7,0.00002315,0.00082888,0.08275363,0.12495938,0.79143496,0.79143496,1000.5,64,0.96,631.0370546,1.56E+01,0.6253125,0.2,19.25819543,96.29097714,6.4468647,19.547693,-0.47000361,-1.6094379,2.9574368,2,0,0.1449224,0,Broken or Intact Sheet,0.06348894,0.11858441,0.32722501,0.0887626,0.40193903
Intact Sheet,Intact Sheet,6.3534391,0.25,0.015,0.004,81,53.7,N,N,Y,N,Stuck,,64.4,40,8,0.00007491,0.00267717,0.22519488,0.23233651,0.53971653,0.53971653,1000.5,64,0.96,631.0370546,1.56E+01,1.111666667,0.266666667,25.41901199,95.32129498,6.4468647,19.547693,0.10536061,-1.3217558,3.2349976,2,0,0.0144323,0,Broken or Intact Sheet,0.05206888,0.10073436,0.30399944,0.08980497,0.45339234
Splash,Splash,6.3534391,0.25,0.02,0.0005,81,50.1,60,M,N,N,DIS,,60.1,41,9,3.48E-07,0.00001248,0.00135794,0.00257849,0.99605074,0.99605074,1000.5,64,0.96,631.0370546,2.78E+01,0.017369792,0.025,3.293458269,131.7383308,6.4468647,18.972328,-4.0535225,-3.6888794,1.1914383,3,1,0.9984254,1,Splash,0.10470278,0.17275691,0.36417431,0.0780022,0.28036379
Splash,Splash,6.3534391,0.25,0.02,0.0015,81,59,78,M,N,N,SD,,70.8,42,10,1.13E-06,0.00004039,0.00438101,0.00824615,0.98733133,0.98733133,1000.5,64,0.96,631.0370546,2.78E+01,0.156328125,0.075,9.778306493,130.3774199,6.4468647,18.972328,-1.856298,-2.5902671,2.2796664,3,1,0.9862,1,Splash,0.08568355,0.14962345,0.35397001,0.08358802,0.32713497
Splash,Splash,6.3534391,0.25,0.02,0.003,81,63.2,97,M,N,N,Ring,,75.8,43,11,6.56E-06,0.0002351,0.0249674,0.04429835,0.93049258,0.93049258,1000.5,64,0.96,631.0370546,2.78E+01,0.6253125,0.15,19.25819543,128.3879695,6.4468647,18.972328,-0.47000361,-1.89712,2.9574368,3,1,0.6836966,1,Splash,0.06348894,0.11858441,0.32722501,0.0887626,0.40193903
Intact Sheet,Intact Sheet,6.3534391,0.25,0.02,0.004,81,70.2,N,N,Y,N,Stick,,84.2,44,12,0.00002124,0.00076041,0.07644606,0.11745184,0.80532045,0.80532045,1000.5,64,0.96,631.0370546,2.78E+01,1.111666667,0.2,25.41901199,127.09506,6.4468647,18.972328,0.10536061,-1.6094378,3.2349976,3,0,0.152838,0,Broken or Intact Sheet,0.05206888,0.10073436,0.30399944,0.08980497,0.45339234
Splash,Splash,6.3534391,0.25,0.025,0.0005,81,63.8,55,M,N,N,DIS,,76.5,45,13,9.87E-08,3.54E-06,0.00038531,0.00073369,0.99887736,0.99887736,1000.5,64,0.96,631.0370546,4.34E+01,0.017369792,0.02,3.293458269,164.6729135,6.4468647,18.526041,-4.0535225,-3.912023,1.1914383,3,1,0.9998758,1,Splash,0.10470278,0.17275691,0.36417431,0.0780022,0.28036379
Splash,Splash,6.3534391,0.25,0.025,0.0015,81,70.8,76,M,N,N,SD,,85,46,14,3.20E-07,0.00001145,0.00124583,0.00236637,0.99637604,0.99637604,1000.5,64,0.96,631.0370546,4.34E+01,0.156328125,0.06,9.778306493,162.9717749,6.4468647,18.526041,-1.856298,-2.8134107,2.2796664,3,1,0.9988633,1,Splash,0.08568355,0.14962345,0.35397001,0.08358802,0.32713497
Splash,Splash,6.3534391,0.25,0.025,0.003,81,75.3,88,M,N,N,Ring,,90.4,47,15,1.86E-06,0.00006665,0.0072087,0.01345808,0.9792647,0.9792647,1000.5,64,0.96,631.0370546,4.34E+01,0.6253125,0.12,19.25819543,160.4849619,6.4468647,18.526041,-0.47000361,-2.1202635,2.9574368,3,1,0.9620799,1,Splash,0.06348894,0.11858441,0.32722501,0.0887626,0.40193903
Splash,Splash,6.3534391,0.25,0.025,0.004,81,79.7,94,M,Y,N,SD,,95.6,48,16,6.02E-06,0.00021567,0.02295162,0.04095639,0.9358703,0.9358703,1000.5,64,0.96,631.0370546,4.34E+01,1.111666667,0.16,25.41901199,158.868825,6.4468647,18.526041,0.10536061,-1.8325814,3.2349976,3,1,0.672582,1,Splash,0.05206888,0.10073436,0.30399944,0.08980497,0.45339234
Intact Sheet,Intact Sheet,6.3534391,1,0.01,0.0005,81,30.1,N,N,N,N,Stuck,,36.1,49,1,0.00419081,0.13002435,0.80891874,0.03641884,0.02044725,0.80891874,1002,106,2.1,381.5747243,2.41E+00,0.006021088,0.05,1.509751777,30.19503554,5.9423087,19.29766,-5.1144851,-2.9957322,0.40994729,2,0,0.0699723,0,Broken or Intact Sheet,0.11056022,0.17929261,0.36568277,0.07624126,0.26822315
Intact Sheet,Intact Sheet,6.3534391,1,0.01,0.0015,81,33,N,N,N,N,Stuck,,39.6,50,2,0.01343633,0.32064191,0.64763109,0.0118818,0.00640887,0.64763109,1002,106,2.1,381.5747243,2.41E+00,0.054189796,0.15,4.493695509,29.95797006,5.9423087,19.29766,-2.9172606,-1.89712,1.5006774,2,0,0.0294634,0,Broken or Intact Sheet,0.10094271,0.16841945,0.36284555,0.07913089,0.28866139
Crater,Crater,6.3534391,1,0.01,0.003,81,33.1,N,N,N,Y,Stuck,Fill back,39.7,51,3,0.07346295,0.67147535,0.25187157,0.0020834,0.00110673,0.67147535,1002,106,2.1,381.5747243,2.41E+00,0.216759184,0.3,8.882781066,29.60927022,5.9423087,19.29766,-1.5309663,-1.2039728,2.1821167,2,0,0.0071458,0,Crater,0.08814678,0.15279135,0.35583018,0.08289222,0.32033947
Crater,Crater,6.3534391,1,0.01,0.004,81,29.5,N,N,N,Y,Stuck,Fill back,35.4,52,4,0.20419518,0.7001263,0.09469057,0.0006457,0.00034225,0.7001263,1002,106,2.1,381.5747243,2.41E+00,0.38534966,0.4,11.75251146,29.38127865,5.9423087,19.29766,-0.95560206,-0.91629066,2.462069,2,0,0.0026092,0,Crater,0.0805911,0.14290456,0.34951629,0.084977,0.34201106
Intact Sheet,Intact Sheet,6.3534391,1,0.015,0.0005,81,37.9,N,N,N,Y,Stuck,,45.5,53,5,0.00119151,0.04090122,0.78250667,0.10681132,0.06858929,0.78250667,1002,106,2.1,381.5747243,5.42E+00,0.006021088,0.033333333,1.509751777,45.29255332,5.9423087,18.48673,-5.1144851,-3.4011973,0.40994729,3,0,0.2150306,0,Broken or Intact Sheet,0.11056022,0.17929261,0.36568277,0.07624126,0.26822315
Intact Sheet,Intact Sheet,6.3534391,1,0.015,0.0015,81,47.2,N,N,N,N,Stuck,,56.6,54,6,0.00384569,0.12065525,0.81382422,0.03942587,0.02224898,0.81382422,1002,106,2.1,381.5747243,5.42E+00,0.054189796,0.1,4.493695509,44.93695509,5.9423087,18.48673,-2.9172606,-2.3025851,1.5006774,3,0,0.0969038,0,Broken or Intact Sheet,0.10094271,0.16841945,0.36284555,0.07913089,0.28866139
Intact Sheet,Intact Sheet,6.3534391,1,0.015,0.003,81,45.4,N,N,N,N,Stuck,,54.5,55,7,0.02198087,0.43093704,0.53591786,0.00727076,0.00389348,0.53591786,1002,106,2.1,381.5747243,5.42E+00,0.216759184,0.2,8.882781066,44.41390533,5.9423087,18.48673,-1.5309663,-1.6094379,2.1821167,3,0,0.02376,0,Broken or Intact Sheet,0.08814678,0.15279135,0.35583018,0.08289222,0.32033947
Intact Sheet,Intact Sheet,6.3534391,1,0.015,0.004,81,49.6,N,N,N,N,Stuck,,59.5,56,8,0.0678015,0.66039811,0.26832376,0.00227028,0.00120635,0.66039811,1002,106,2.1,381.5747243,5.42E+00,0.38534966,0.266666667,11.75251146,44.07191797,5.9423087,18.48673,-0.95560206,-1.3217558,2.462069,3,0,0.0085176,0,Broken or Intact Sheet,0.0805911,0.14290456,0.34951629,0.084977,0.34201106
Broken Sheet,Broken Sheet,6.3534391,1,0.02,0.0005,81,58.8,N,N,N,Y,Stuck,Sheet retraction,70.5,57,9,0.00033803,0.01196464,0.55899345,0.2224867,0.20621718,0.55899345,1002,106,2.1,381.5747243,9.63E+00,0.006021088,0.025,1.509751777,60.39007109,5.9423087,17.911366,-5.1144851,-3.6888794,0.40994729,3,0,0.4721077,0,Broken or Intact Sheet,0.11056022,0.17929261,0.36568277,0.07624126,0.26822315
Intact Sheet,Intact Sheet,6.3534391,1,0.02,0.0015,81,68.4,N,N,N,Y,Stuck,Sheet retraction,82.1,58,10,0.00109311,0.03765462,0.77301983,0.11392115,0.07431128,0.77301983,1002,106,2.1,381.5747243,9.63E+00,0.054189796,0.075,4.493695509,59.91594012,5.9423087,17.911366,-2.9172606,-2.5902671,1.5006774,3,0,0.2557485,0,Broken or Intact Sheet,0.10094271,0.16841945,0.36284555,0.07913089,0.28866139
Intact Sheet,Intact Sheet,6.3534391,1,0.02,0.003,81,61.9,N,N,N,N,Stuck,,74.3,59,11,0.0063304,0.18373706,0.77162799,0.02470288,0.01360166,0.77162799,1002,106,2.1,381.5747243,9.63E+00,0.216759184,0.15,8.882781066,59.21854044,5.9423087,17.911366,-1.5309663,-1.89712,2.1821167,3,0,0.0704103,0,Broken or Intact Sheet,0.08814678,0.15279135,0.35583018,0.08289222,0.32033947
Intact Sheet,Intact Sheet,6.3534391,1,0.02,0.004,81,61.9,N,N,N,N,Stuck,,74.3,60,12,0.0202004,0.41143628,0.55620519,0.00791526,0.00424287,0.55620519,1002,106,2.1,381.5747243,9.63E+00,0.38534966,0.2,11.75251146,58.7625573,5.9423087,17.911366,-0.95560206,-1.6094378,2.462069,3,0,0.0255637,0,Broken or Intact Sheet,0.0805911,0.14290456,0.34951629,0.084977,0.34201106
Broken Sheet,Broken Sheet,6.3534391,1,0.025,0.0005,81,77.2,94,M,N,Y,Stick,Sheet retraction,92.6,61,13,0.00009584,0.00342249,0.27065661,0.24761028,0.47821478,0.47821478,1002,106,2.1,381.5747243,1.51E+01,0.006021088,0.02,1.509751777,75.48758886,5.9423087,17.465079,-5.1144851,-3.912023,0.40994729,3,0,0.7389512,1,Broken or Intact Sheet,0.11056022,0.17929261,0.36568277,0.07624126,0.26822315
Intact Sheet,Intact Sheet,6.3534391,1,0.025,0.0015,81,82.6,N,N,Y,Y,Stuck,Sheet retraction,99.1,62,14,0.0003101,0.01098699,0.53874793,0.22925491,0.22070007,0.53874793,1002,106,2.1,381.5747243,1.51E+01,0.054189796,0.06,4.493695509,74.89492515,5.9423087,17.465079,-2.9172606,-2.8134107,1.5006774,3,0,0.5172266,1,Broken or Intact Sheet,0.10094271,0.16841945,0.36284555,0.07913089,0.28866139
Intact Sheet,Intact Sheet,6.3534391,1,0.025,0.003,81,88.7,N,N,Y,N,Stuck,,106.4,63,15,0.00180259,0.0605683,0.81442647,0.07681323,0.04638941,0.81442647,1002,106,2.1,381.5747243,1.51E+01,0.216759184,0.12,8.882781066,74.02317555,5.9423087,17.465079,-1.5309663,-2.1202635,2.1821167,3,0,0.1876024,0,Broken or Intact Sheet,0.08814678,0.15279135,0.35583018,0.08289222,0.32033947
Intact Sheet,Intact Sheet,6.3534391,1,0.025,0.004,81,90.8,N,N,N,N,Stuck,,109,64,16,0.00581011,0.17132773,0.78124923,0.02680363,0.01480931,0.78124923,1002,106,2.1,381.5747243,1.51E+01,0.38534966,0.16,11.75251146,73.45319662,5.9423087,17.465079,-0.95560206,-1.8325814,2.462069,3,0,0.0730539,0,Broken or Intact Sheet,0.0805911,0.14290456,0.34951629,0.084977,0.34201106
Splash,Splash,5.090589,0.1,0.01,0.0005,52,42.6,84,B,N,N,BUP,,51.1,65,1,9.02E-06,0.00032299,0.03398073,0.05876813,0.90691914,0.90691914,1000.2,13,0.23,1993.790707,2.46E+01,0.06144896,0.05,11.00760142,220.1520284,7.597593,21.622397,-2.7897482,-2.9957322,2.3983861,4,1,1,1,Splash,0.08244247,0.14537398,0.35123452,0.08448086,0.33646816
Splash,Splash,5.090589,0.1,0.01,0.0015,52,51.8,104,T,N,N,Fall,,62.2,66,2,0.00002918,0.00104446,0.10205566,0.14620059,0.75067012,0.75067012,1000.2,13,0.23,1993.790707,2.46E+01,0.553040643,0.15,32.66215261,217.7476841,7.597593,21.622397,-0.59252375,-1.89712,3.486017,4,1,0.9999831,1,Splash,0.04111359,0.08229921,0.2728789,0.08852646,0.51518184
Broken Sheet,Broken Sheet,5.090589,0.1,0.01,0.003,52,51.8,N,N,N,Sheet,Fall,,62.2,67,3,0.00016984,0.00604837,0.39477335,0.25813481,0.34087364,0.39477335,1000.2,13,0.23,1993.790707,2.46E+01,2.212162571,0.3,64.27141499,214.23805,7.597593,21.622397,0.79377061,-1.2039728,4.162915,4,0,0.3493851,0,Broken or Intact Sheet,0.01435282,0.03128008,0.13666458,0.05990095,0.75780157
Broken Sheet,Broken Sheet,5.090589,0.1,0.01,0.004,52,55.9,136,T,N,Sheet,Stick,Sheet Falls on center,67.1,68,4,0.00054941,0.01929787,0.66433516,0.17803119,0.13778637,0.66433516,1000.2,13,0.23,1993.790707,2.46E+01,3.932733459,0.4,84.78419157,211.9604789,7.597593,21.622397,1.3691348,-0.91629066,4.4399092,4,0,0.0001364,0,Broken or Intact Sheet,0.00717349,0.01600157,0.07642557,0.03727626,0.86312311
Splash,Splash,5.090589,0.1,0.015,0.0005,52,56.5,95,B,N,N,BUP,,67.8,69,5,2.56E-06,0.00009158,0.00987732,0.01829877,0.97172977,0.97172977,1000.2,13,0.23,1993.790707,5.53E+01,0.06144896,0.033333333,11.00760142,330.2280426,7.597593,20.811467,-2.7897482,-3.4011973,2.3983861,5,1,1,1,Splash,0.08244247,0.14537398,0.35123452,0.08448086,0.33646816
Splash,Splash,5.090589,0.1,0.015,0.0015,52,48.5,108,B,N,N,Fall,,58.2,70,6,8.27E-06,0.0002963,0.03126106,0.05448233,0.91395204,0.91395204,1000.2,13,0.23,1993.790707,5.53E+01,0.553040643,0.1,32.66215261,326.6215261,7.597593,20.811467,-0.59252375,-2.3025851,3.486017,5,1,1,1,Splash,0.04111359,0.08229921,0.2728789,0.08852646,0.51518184
Splash,Splash,5.090589,0.1,0.015,0.003,52,71.1,178,T,N,N,Fall,,85.3,71,7,0.00004815,0.00172235,0.15772063,0.19455967,0.6459492,0.6459492,1000.2,13,0.23,1993.790707,5.53E+01,2.212162571,0.2,64.27141499,321.3570749,7.597593,20.811467,0.79377061,-1.6094379,4.162915,5,1,0.9998909,1,Splash,0.01435282,0.03128008,0.13666458,0.05990095,0.75780157
Splash,Splash,5.090589,0.1,0.015,0.004,52,74.5,168,M,Y,Sheet,Stick,Sheet Falls on center,89.4,72,8,0.0001558,0.00555128,0.37474638,0.25902812,0.36051842,0.37474638,1000.2,13,0.23,1993.790707,5.53E+01,3.932733459,0.266666667,84.78419157,317.9407184,7.597593,20.811467,1.3691348,-1.3217558,4.4399092,5,1,0.6766892,1,Splash,0.00717349,0.01600157,0.07642557,0.03727626,0.86312311
Splash,Splash,5.090589,0.1,0.02,0.0005,52,68.2,106,B,N,N,BUP,,81.8,73,9,7.24E-07,0.00002596,0.00282017,0.00533231,0.99182084,0.99182084,1000.2,13,0.23,1993.790707,9.83E+01,0.06144896,0.025,11.00760142,440.3040569,7.597593,20.236103,-2.7897482,-3.6888794,2.3983861,1,1,1,1,Splash,0.08244247,0.14537398,0.35123452,0.08448086,0.33646816
Splash,Splash,5.090589,0.1,0.02,0.0015,52,69.3,117,M,Y,N,SD,,83.2,74,10,2.34E-06,0.00008401,0.0090683,0.01683921,0.97400614,0.97400614,1000.2,13,0.23,1993.790707,9.83E+01,0.553040643,0.075,32.66215261,435.4953681,7.597593,20.236103,-0.59252375,-2.5902671,3.486017,1,1,1,1,Splash,0.04111359,0.08229921,0.2728789,0.08852646,0.51518184
Splash,Splash,5.090589,0.1,0.02,0.003,52,92,107,M,N,N,SD,,110.4,75,11,0.00001365,0.00048886,0.05054011,0.08343164,0.86552575,0.86552575,1000.2,13,0.23,1993.790707,9.83E+01,2.212162571,0.15,64.27141499,428.4760999,7.597593,20.236103,0.79377061,-1.89712,4.162915,1,1,1,1,Splash,0.01435282,0.03128008,0.13666458,0.05990095,0.75780157
Splash,Splash,5.090589,0.1,0.02,0.004,52,96.7,123,M,Y,Sheet,Stick,Sheet Falls on center,116,76,12,0.00004417,0.0015802,0.14663638,0.1863133,0.66542595,0.66542595,1000.2,13,0.23,1993.790707,9.83E+01,3.932733459,0.2,84.78419157,423.9209578,7.597593,20.236103,1.3691348,-1.6094378,4.4399092,1,1,0.9999039,1,Splash,0.00717349,0.01600157,0.07642557,0.03727626,0.86312311
Splash,Splash,5.090589,0.1,0.025,0.0005,52,88.2,113,B,N,N,BUP,,105.8,77,13,2.05E-07,7.36E-06,0.00080105,0.00152352,0.99766787,0.99766787,1000.2,13,0.23,1993.790707,1.54E+02,0.06144896,0.02,11.00760142,550.3800711,7.597593,19.789815,-2.7897482,-3.912023,2.3983861,2,1,1,1,Splash,0.08244247,0.14537398,0.35123452,0.08448086,0.33646816
Splash,Splash,5.090589,0.1,0.025,0.0015,52,85.7,157,B,N,N,BUP,,102.8,78,14,6.65E-07,0.00002381,0.00258764,0.00489595,0.99249193,0.99249193,1000.2,13,0.23,1993.790707,1.54E+02,0.553040643,0.06,32.66215261,544.3692102,7.597593,19.789815,-0.59252375,-2.8134107,3.486017,2,1,1,1,Splash,0.04111359,0.08229921,0.2728789,0.08852646,0.51518184
Splash,Splash,5.090589,0.1,0.025,0.003,52,108.9,174,M,Y,N,SD,,130.7,79,15,3.87E-06,0.00013862,0.01487532,0.02716484,0.95781736,0.95781736,1000.2,13,0.23,1993.790707,1.54E+02,2.212162571,0.12,64.27141499,535.5951249,7.597593,19.789815,0.79377061,-2.1202635,4.162915,2,1,1,1,Splash,0.01435282,0.03128008,0.13666458,0.05990095,0.75780157
Splash,Splash,5.090589,0.1,0.025,0.004,52,122.9,189,M,Y,N,SD,,147.5,80,16,0.00001252,0.00044846,0.04656032,0.07772267,0.87525602,0.87525602,1000.2,13,0.23,1993.790707,1.54E+02,3.932733459,0.16,84.78419157,529.9011973,7.597593,19.789815,1.3691348,-1.8325814,4.4399092,2,1,1,1,Splash,0.00717349,0.01600157,0.07642557,0.03727626,0.86312311
Splash,Splash,5.090589,0.15,0.01,0.0005,52,32.1,72,M,N,N,DIS,,38.5,81,1,0.00001426,0.00051079,0.05268751,0.0864565,0.86033094,0.86033094,1000.3,33,0.49,785.5112302,1.37E+01,0.034370991,0.05,5.161891789,103.2378358,6.6660348,21.041303,-3.3708422,-2.9957322,1.6410032,5,1,0.9666104,1,Splash,0.09886672,0.16597607,0.36198055,0.07975167,0.29342498
Splash,Splash,5.090589,0.15,0.01,0.0015,52,35,97,M,N,N,Ring,,42,82,2,0.00004615,0.00165103,0.15219626,0.19052935,0.65557721,0.65557721,1000.3,33,0.49,785.5112302,1.37E+01,0.309338921,0.15,15.28479106,101.8986071,6.6660348,21.041303,-1.1736177,-1.89712,2.7265583,5,1,0.4905573,0,Splash,0.0720451,0.131099,0.33994934,0.08708841,0.36981815
Intact Sheet,Intact Sheet,5.090589,0.15,0.01,0.003,52,40.8,N,N,N,N,Stick,Higher Stick,49,83,3,0.00026862,0.00953169,0.50449779,0.23930956,0.24639235,0.50449779,1000.3,33,0.49,785.5112302,1.37E+01,1.237355685,0.3,29.98610061,99.95366871,6.6660348,21.041303,0.21267665,-1.2039728,3.400434,5,0,0.0037187,0,Broken or Intact Sheet,0.04487741,0.08878323,0.28472309,0.08931133,0.49230494
Intact Sheet,Intact Sheet,5.090589,0.15,0.01,0.004,52,41.3,N,N,N,N,Stick,,49.6,84,4,0.00086877,0.03016668,0.7430636,0.13414176,0.09175919,0.7430636,1000.3,33,0.49,785.5112302,1.37E+01,2.19974344,0.4,39.47910907,98.69777266,6.6660348,21.041303,0.78804088,-0.91629066,3.6754717,5,0,0.000068,0,Broken or Intact Sheet,0.03285649,0.06750042,0.24179833,0.08498957,0.5728552
Splash,Splash,5.090589,0.15,0.015,0.0005,52,42.5,73,M,N,N,DIS,,51,85,5,4.04E-06,0.00014485,0.01553267,0.02831184,0.9560066,0.9560066,1000.3,33,0.49,785.5112302,3.09E+01,0.034370991,0.033333333,5.161891789,154.8567537,6.6660348,20.230373,-3.3708422,-3.4011973,1.6410032,1,1,0.9997308,1,Splash,0.09886672,0.16597607,0.36198055,0.07975167,0.29342498
Splash,Splash,5.090589,0.15,0.015,0.0015,52,48.9,97,M,N,N,DIS,,58.7,86,6,0.00001308,0.00046859,0.04854746,0.08059005,0.87038082,0.87038082,1000.3,33,0.49,785.5112302,3.09E+01,0.309338921,0.1,15.28479106,152.8479106,6.6660348,20.230373,-1.1736177,-2.3025851,2.7265583,1,1,0.9913843,1,Splash,0.0720451,0.131099,0.33994934,0.08708841,0.36981815
Splash,Splash,5.090589,0.15,0.015,0.003,52,53.6,121,M,N,N,Ring,,64.3,87,7,0.00007616,0.00272148,0.22805981,0.23351872,0.53562383,0.53562383,1000.3,33,0.49,785.5112302,3.09E+01,1.237355685,0.2,29.98610061,149.9305031,6.6660348,20.230373,0.21267665,-1.6094379,3.400434,1,1,0.2867329,0,Splash,0.04487741,0.08878323,0.28472309,0.08931133,0.49230494
Intact Sheet,Intact Sheet,5.090589,0.15,0.015,0.004,52,56.5,N,N,N,N,Stick,Castle,67.8,88,8,0.00024641,0.00875098,0.48373294,0.24450688,0.26276278,0.48373294,1000.3,33,0.49,785.5112302,3.09E+01,2.19974344,0.266666667,39.47910907,148.046659,6.6660348,20.230373,0.78804088,-1.3217558,3.6754717,1,0,0.0068001,0,Broken or Intact Sheet,0.03285649,0.06750042,0.24179833,0.08498957,0.5728552
Splash,Splash,5.090589,0.15,0.02,0.0005,52,56,76,M,N,N,DIS,,67.2,89,9,1.15E-06,0.00004106,0.0044534,0.00838066,0.98712373,0.98712373,1000.3,33,0.49,785.5112302,5.50E+01,0.034370991,0.025,5.161891789,206.4756715,6.6660348,19.655009,-3.3708422,-3.6888794,1.6410032,2,1,0.999996,1,Splash,0.09886672,0.16597607,0.36198055,0.07975167,0.29342498
Splash,Splash,5.090589,0.15,0.02,0.0015,52,63,90,M,N,N,DIS,,75.6,90,10,3.71E-06,0.00013287,0.01426725,0.02609992,0.95949625,0.95949625,1000.3,33,0.49,785.5112302,5.50E+01,0.309338921,0.075,15.28479106,203.7972142,6.6660348,19.655009,-1.1736177,-2.5902671,2.7265583,2,1,0.9998624,1,Splash,0.0720451,0.131099,0.33994934,0.08708841,0.36981815
Splash,Splash,5.090589,0.15,0.02,0.003,52,68.1,135,M,N,N,Ring,,81.7,91,11,0.00002159,0.00077302,0.0776146,0.11886458,0.8027262,0.8027262,1000.3,33,0.49,785.5112302,5.50E+01,1.237355685,0.15,29.98610061,199.9073374,6.6660348,19.655009,0.21267665,-1.89712,3.400434,2,1,0.9587445,1,Splash,0.04487741,0.08878323,0.28472309,0.08931133,0.49230494
Splash,Splash,5.090589,0.15,0.02,0.004,52,74.5,129,M,N,N,Fall,Droplet on edge,89.4,92,12,0.00006986,0.00249709,0.21332571,0.22709985,0.55700749,0.55700749,1000.3,33,0.49,785.5112302,5.50E+01,2.19974344,0.2,39.47910907,197.3955453,6.6660348,19.655009,0.78804088,-1.6094378,3.6754717,2,1,0.2720589,0,Splash,0.03285649,0.06750042,0.24179833,0.08498957,0.5728552
Splash,Splash,5.090589,0.15,0.025,0.0005,52,65.8,89,T,N,N,DIS,,79,93,13,3.25E-07,0.00001164,0.00126648,0.00240545,0.9963161,0.9963161,1000.3,33,0.49,785.5112302,8.59E+01,0.034370991,0.02,5.161891789,258.0945894,6.6660348,19.208721,-3.3708422,-3.912023,1.6410032,2,1,0.9999999,1,Splash,0.09886672,0.16597607,0.36198055,0.07975167,0.29342498
Splash,Splash,5.090589,0.15,0.025,0.0015,52,74.6,97,M,N,N,DIS,,89.5,94,14,1.05E-06,0.00003767,0.00408677,0.00769888,0.98817563,0.98817563,1000.3,33,0.49,785.5112302,8.59E+01,0.309338921,0.06,15.28479106,254.7465177,6.6660348,19.208721,-1.1736177,-2.8134107,2.7265583,2,1,0.9999974,1,Splash,0.0720451,0.131099,0.33994934,0.08708841,0.36981815
Splash,Splash,5.090589,0.15,0.025,0.003,52,81.6,137,M,N,N,Ring,,97.9,95,15,6.12E-06,0.00021925,0.02332357,0.04157602,0.93487504,0.93487504,1000.3,33,0.49,785.5112302,8.59E+01,1.237355685,0.12,29.98610061,249.8841718,6.6660348,19.208721,0.21267665,-2.1202635,3.400434,2,1,0.9991127,1,Splash,0.04487741,0.08878323,0.28472309,0.08931133,0.49230494
Splash,Splash,5.090589,0.15,0.025,0.004,52,86.8,132,M,Y,N,Ring,,104.2,96,16,0.0000198,0.00070917,0.07166739,0.11156894,0.8160347,0.8160347,1000.3,33,0.49,785.5112302,8.59E+01,2.19974344,0.16,39.47910907,246.7444317,6.6660348,19.208721,0.78804088,-1.8325814,3.6754717,2,1,0.9449686,1,Splash,0.03285649,0.06750042,0.24179833,0.08498957,0.5728552
Splash,Splash,5.090589,0.25,0.01,0.0005,52,26.8,67,M,N,N,DIS,,32.2,97,1,0.00003568,0.00127697,0.12197122,0.16557043,0.71114571,0.71114571,1000.5,64,0.96,405.1102096,6.95E+00,0.017369792,0.05,2.635417318,52.70834636,6.0036593,20.358623,-4.0535225,-2.9957322,0.96854171,1,1,0.1589887,0,Splash,0.10682839,0.17515946,0.36479744,0.07736301,0.27585171
Intact Sheet,Intact Sheet,5.090589,0.25,0.01,0.0015,52,30.8,N,N,N,N,Stuck,,37,98,2,0.00011546,0.00412008,0.3085135,0.25518826,0.4320627,0.4320627,1000.5,64,0.96,405.1102096,6.95E+00,0.156328125,0.15,7.804705971,52.03137314,6.0036593,20.358623,-1.856298,-1.89712,2.054227,1,0,0.0332277,0,Broken or Intact Sheet,0.09111395,0.1565377,0.35783617,0.08203831,0.31247387
Intact Sheet,Intact Sheet,5.090589,0.25,0.01,0.003,52,35,N,N,N,N,Stuck,,42,99,3,0.0006718,0.02349276,0.70181007,0.15845191,0.11557346,0.70181007,1000.5,64,0.96,405.1102096,6.95E+00,0.6253125,0.3,15.31437084,51.04790281,6.0036593,20.358623,-0.47000361,-1.2039728,2.7282918,1,0,0.0021203,0,Broken or Intact Sheet,0.07198456,0.13101293,0.33987115,0.08710206,0.3700293
Crater,Crater,5.090589,0.25,0.01,0.004,52,33.2,N,N,N,N,Stuck,,39.8,100,4,0.00217081,0.07202112,0.82135434,0.06564128,0.03881245,0.82135434,1000.5,64,0.96,405.1102096,6.95E+00,1.111666667,0.4,20.16506136,50.4126534,6.0036593,20.358623,0.10536061,-0.91629066,3.0034516,1,0,0.000285,0,Crater,0.06167203,0.11583401,0.32405002,0.08903729,0.40940664
Splash,Splash,5.090589,0.25,0.015,0.0005,52,40.2,73,M,N,N,DIS,,48.2,101,5,0.00001011,0.00036232,0.03795981,0.06491637,0.89675138,0.89675138,1000.5,64,0.96,405.1102096,1.56E+01,0.017369792,0.033333333,2.635417318,79.06251954,6.0036593,19.547693,-4.0535225,-3.4011973,0.96854171,2,1,0.6903436,1,Splash,0.10682839,0.17515946,0.36479744,0.07736301,0.27585171
Broken Sheet,Broken Sheet,5.090589,0.25,0.015,0.0015,52,40.2,99,N,N,N,Stuck,,48.2,102,6,0.00003273,0.00117153,0.11305215,0.15720045,0.72854314,0.72854314,1000.5,64,0.96,405.1102096,1.56E+01,0.156328125,0.1,7.804705971,78.04705971,6.0036593,19.547693,-1.856298,-2.3025851,2.054227,2,0,0.2790466,0,Broken or Intact Sheet,0.09111395,0.1565377,0.35783617,0.08203831,0.31247387
Intact Sheet,Intact Sheet,5.090589,0.25,0.015,0.003,52,43.1,N,N,N,N,Stuck,,51.7,103,7,0.00019052,0.00677986,0.42191763,0.25557296,0.31553903,0.42191763,1000.5,64,0.96,405.1102096,1.56E+01,0.6253125,0.2,15.31437084,76.57185421,6.0036593,19.547693,-0.47000361,-1.6094379,2.7282918,2,0,0.0218671,0,Broken or Intact Sheet,0.07198456,0.13101293,0.33987115,0.08710206,0.3700293
Intact Sheet,Intact Sheet,5.090589,0.25,0.015,0.004,52,49.5,N,N,N,N,Stuck,,59.4,104,8,0.0006163,0.02159494,0.68626723,0.16683122,0.12469032,0.68626723,1000.5,64,0.96,405.1102096,1.56E+01,1.111666667,0.266666667,20.16506136,75.61898009,6.0036593,19.547693,0.10536061,-1.3217558,3.0034516,2,0,0.0028604,0,Broken or Intact Sheet,0.06167203,0.11583401,0.32405002,0.08903729,0.40940664
Splash,Splash,5.090589,0.25,0.02,0.0005,52,47.8,79,M,N,N,DIS,,57.3,105,9,2.87E-06,0.00010273,0.01106694,0.02043253,0.96839494,0.96839494,1000.5,64,0.96,405.1102096,2.78E+01,0.017369792,0.025,2.635417318,105.4166927,6.0036593,18.972328,-4.0535225,-3.6888794,0.96854171,3,1,0.9499922,1,Splash,0.10682839,0.17515946,0.36479744,0.07736301,0.27585171
Splash,Splash,5.090589,0.25,0.02,0.0015,52,53.6,80,M,N,N,SD,,64.3,106,10,9.28E-06,0.00033238,0.03493343,0.06025331,0.90447161,0.90447161,1000.5,64,0.96,405.1102096,2.78E+01,0.156328125,0.075,7.804705971,104.0627463,6.0036593,18.972328,-1.856298,-2.5902671,2.054227,3,1,0.7609042,1,Splash,0.09111395,0.1565377,0.35783617,0.08203831,0.31247387
Intact Sheet,Intact Sheet,5.090589,0.25,0.02,0.003,52,55.9,N,N,N,N,Stuck,,67.1,107,11,0.00005401,0.00193173,0.17352362,0.20524805,0.61924258,0.61924258,1000.5,64,0.96,405.1102096,2.78E+01,0.6253125,0.15,15.31437084,102.0958056,6.0036593,18.972328,-0.47000361,-1.89712,2.7282918,3,0,0.1485282,0,Broken or Intact Sheet,0.07198456,0.13101293,0.33987115,0.08710206,0.3700293
Intact Sheet,Intact Sheet,5.090589,0.25,0.02,0.004,52,61.8,N,N,N,N,Stuck,,74.2,108,12,0.00017477,0.00622305,0.40149623,0.25764131,0.33446464,0.40149623,1000.5,64,0.96,405.1102096,2.78E+01,1.111666667,0.2,20.16506136,100.8253068,6.0036593,18.972328,0.10536061,-1.6094378,3.0034516,3,0,0.0211733,0,Broken or Intact Sheet,0.06167203,0.11583401,0.32405002,0.08903729,0.40940664
Splash,Splash,5.090589,0.25,0.025,0.0005,52,58.3,77,M,N,N,DIS,,69.9,109,13,8.13E-07,0.00002912,0.00316259,0.00597383,0.99083364,0.99083364,1000.5,64,0.96,405.1102096,4.34E+01,0.017369792,0.02,2.635417318,131.7708659,6.0036593,18.526041,-4.0535225,-3.912023,0.96854171,3,1,0.9932632,1,Splash,0.10682839,0.17515946,0.36479744,0.07736301,0.27585171
Splash,Splash,5.090589,0.25,0.025,0.0015,52,64.7,98,M,N,N,SD,,77.6,110,14,2.63E-06,0.00009424,0.0101615,0.01880983,0.9709318,0.9709318,1000.5,64,0.96,405.1102096,4.34E+01,0.156328125,0.06,7.804705971,130.0784328,6.0036593,18.526041,-1.856298,-2.8134107,2.054227,3,1,0.9598917,1,Splash,0.09111395,0.1565377,0.35783617,0.08203831,0.31247387
Broken Sheet,Broken Sheet,5.090589,0.25,0.025,0.003,52,68.7,130,M,N,N,Fall,,82.4,111,15,0.00001531,0.00054837,0.05634274,0.09151722,0.85157635,0.85157635,1000.5,64,0.96,405.1102096,4.34E+01,0.6253125,0.12,15.31437084,127.619757,6.0036593,18.526041,-0.47000361,-2.1202635,2.7282918,3,0,0.5560825,1,Broken or Intact Sheet,0.07198456,0.13101293,0.33987115,0.08710206,0.3700293
Intact Sheet,Intact Sheet,5.090589,0.25,0.025,0.004,52,71.7,N,N,N,N,Stuck,Small Inflection?,86,112,16,0.00004955,0.00177233,0.16154844,0.19726142,0.63936826,0.63936826,1000.5,64,0.96,405.1102096,4.34E+01,1.111666667,0.16,20.16506136,126.0316335,6.0036593,18.526041,0.10536061,-1.8325814,3.0034516,3,0,0.1310017,0,Broken or Intact Sheet,0.06167203,0.11583401,0.32405002,0.08903729,0.40940664
Crater,Crater,5.090589,1,0.01,0.0005,52,23.9,N,N,N,N,Stuck,,28.7,113,1,0.03348125,0.52715725,0.43208971,0.00474227,0.00252952,0.52715725,1002,106,2.1,244.9615524,2.41E+00,0.006021088,0.05,1.208477706,24.16955411,5.4991033,19.29766,-5.1144851,-2.9957322,0.18736351,2,0,0.0180584,0,Crater,0.11157462,0.18039763,0.36587967,0.07593678,0.2662113
Crater,Crater,5.090589,1,0.01,0.0015,52,23.9,N,N,N,Y,Stuck,Tiny retraction,28.7,114,2,0.1008043,0.70424379,0.19269355,0.00147537,0.000783,0.70424379,1002,106,2.1,244.9615524,2.41E+00,0.054189796,0.15,3.590011648,23.93341098,5.4991033,19.29766,-2.9172606,-1.89712,1.2761574,2,0,0.0088151,0,Crater,0.10377419,0.17169618,0.36387366,0.07828128,0.28237468
Crater,Crater,5.090589,1,0.01,0.003,52,23.3,N,N,N,Y,Stuck,Flat,28,115,3,0.3949082,0.56515658,0.03954658,0.00025407,0.00013458,0.56515658,1002,106,2.1,244.9615524,2.41E+00,0.216759184,0.3,7.076316979,23.58772326,5.4991033,19.29766,-1.5309663,-1.2039728,1.9547556,2,0,0.0027584,0,Crater,0.09322576,0.1591584,0.35911634,0.08142209,0.3070774
Crater,Crater,5.090589,1,0.01,0.004,52,30.8,N,N,N,Y,Stuck,Flat,37,116,4,0.67867044,0.30863915,0.01257028,0.00007854,0.00004159,0.67867044,1002,106,2.1,244.9615524,2.41E+00,0.38534966,0.4,9.345103868,23.36275967,5.4991033,19.29766,-0.95560206,-0.91629066,2.2328546,2,0,0.0012032,0,Crater,0.0868877,0.15117869,0.35490217,0.08324953,0.32378191
Intact Sheet,Intact Sheet,5.090589,1,0.015,0.0005,52,40.2,N,N,N,N,Stuck,,48.2,117,5,0.00972388,0.25590193,0.70918359,0.01632358,0.00886702,0.70918359,1002,106,2.1,244.9615524,5.42E+00,0.006021088,0.033333333,1.208477706,36.25433117,5.4991033,18.48673,-5.1144851,-3.4011973,0.18736351,3,0,0.0507608,0,Broken or Intact Sheet,0.11157462,0.18039763,0.36587967,0.07593678,0.2662113
Crater,Crater,5.090589,1,0.015,0.0015,52,40.2,N,N,N,Y,Stuck,Tiny retraction,48.2,118,6,0.03079859,0.50848656,0.45279291,0.00516508,0.00275685,0.50848656,1002,106,2.1,244.9615524,5.42E+00,0.054189796,0.1,3.590011648,35.90011648,5.4991033,18.48673,-2.9172606,-2.3025851,1.2761574,3,0,0.0244904,0,Crater,0.10377419,0.17169618,0.36387366,0.07828128,0.28237468
Crater,Crater,5.090589,1,0.015,0.003,52,37.3,N,N,N,Y,Stuck,Fill back,44.7,119,7,0.15611665,0.7159167,0.1265969,0.00089511,0.00047463,0.7159167,1002,106,2.1,244.9615524,5.42E+00,0.216759184,0.2,7.076316979,35.38158489,5.4991033,18.48673,-1.5309663,-1.6094379,1.9547556,3,0,0.0074159,0,Crater,0.09322576,0.1591584,0.35911634,0.08142209,0.3070774
Crater,Crater,5.090589,1,0.015,0.004,52,36.2,N,N,N,Y,Stuck,Fill back,43.4,120,8,0.37448689,0.582135,0.04295445,0.00027695,0.00014671,0.582135,1002,106,2.1,244.9615524,5.42E+00,0.38534966,0.266666667,9.345103868,35.0441395,5.4991033,18.48673,-0.95560206,-1.3217558,2.2328546,3,0,0.0031501,0,Crater,0.0868877,0.15117869,0.35490217,0.08324953,0.32378191
Intact Sheet,Intact Sheet,5.090589,1,0.02,0.0005,52,54.8,N,N,N,Y,Stuck,Tiny retraction,65.7,121,9,0.00277567,0.09021834,0.8234579,0.0529525,0.03059559,0.8234579,1002,106,2.1,244.9615524,9.63E+00,0.006021088,0.025,1.208477706,48.33910822,5.4991033,17.911366,-5.1144851,-3.6888794,0.18736351,3,0,0.1223649,0,Broken or Intact Sheet,0.11157462,0.18039763,0.36587967,0.07593678,0.2662113
Intact Sheet,Intact Sheet,5.090589,1,0.02,0.0015,52,61.2,N,N,N,N,Stuck,,73.4,122,10,0.00892718,0.24021011,0.72346411,0.01774019,0.00965841,0.72346411,1002,106,2.1,244.9615524,9.63E+00,0.054189796,0.075,3.590011648,47.86682197,5.4991033,17.911366,-2.9172606,-2.5902671,1.2761574,3,0,0.0603364,0,Broken or Intact Sheet,0.10377419,0.17169618,0.36387366,0.07828128,0.28237468
Intact Sheet,Intact Sheet,5.090589,1,0.02,0.003,52,57.7,N,N,N,N,Stuck,,69.2,123,11,0.04982664,0.60906843,0.33628937,0.00314315,0.00167241,0.60906843,1002,106,2.1,244.9615524,9.63E+00,0.216759184,0.15,7.076316979,47.17544652,5.4991033,17.911366,-1.5309663,-1.89712,1.9547556,3,0,0.0182332,0,Broken or Intact Sheet,0.09322576,0.1591584,0.35911634,0.08142209,0.3070774
Intact Sheet,Intact Sheet,5.090589,1,0.02,0.004,52,56.5,N,N,N,N,Stuck,,67.8,124,12,0.14508288,0.71700843,0.13641569,0.00097562,0.00051738,0.71700843,1002,106,2.1,244.9615524,9.63E+00,0.38534966,0.2,9.345103868,46.72551934,5.4991033,17.911366,-0.95560206,-1.6094378,2.2328546,3,0,0.0076499,0,Broken or Intact Sheet,0.0868877,0.15117869,0.35490217,0.08324953,0.32378191
Intact Sheet,Intact Sheet,5.090589,1,0.025,0.0005,52,73.9,N,N,N,Y,Stuck,Tiny retraction,88.7,125,13,0.00078836,0.0274536,0.72840865,0.14316181,0.10018758,0.72840865,1002,106,2.1,244.9615524,1.51E+01,0.006021088,0.02,1.208477706,60.42388528,5.4991033,17.465079,-5.1144851,-3.912023,0.18736351,3,0,0.2605948,0,Broken or Intact Sheet,0.11157462,0.18039763,0.36587967,0.07593678,0.2662113
Intact Sheet,Intact Sheet,5.090589,1,0.025,0.0015,52,79.3,N,N,N,N,Stuck,,95.1,126,14,0.00254679,0.08342025,0.82363608,0.0571357,0.03326118,0.82363608,1002,106,2.1,244.9615524,1.51E+01,0.054189796,0.06,3.590011648,59.83352746,5.4991033,17.465079,-2.9172606,-2.8134107,1.2761574,3,0,0.1378458,0,Broken or Intact Sheet,0.10377419,0.17169618,0.36387366,0.07828128,0.28237468
Intact Sheet,Intact Sheet,5.090589,1,0.025,0.003,52,73.4,N,N,N,N,Stuck,,88.1,127,15,0.0146468,0.33916864,0.62940038,0.01090903,0.00587516,0.62940038,1002,106,2.1,244.9615524,1.51E+01,0.216759184,0.12,7.076316979,58.96930815,5.4991033,17.465079,-1.5309663,-2.1202635,1.9547556,3,0,0.0432689,0,Broken or Intact Sheet,0.09322576,0.1591584,0.35911634,0.08142209,0.3070774
Intact Sheet,Intact Sheet,5.090589,1,0.025,0.004,52,71.6,N,N,N,N,Stuck,,85.9,128,16,0.0458965,0.59334775,0.35550848,0.00342441,0.00182286,0.59334775,1002,106,2.1,244.9615524,1.51E+01,0.38534966,0.16,9.345103868,58.40689917,5.4991033,17.465079,-0.95560206,-1.8325814,2.2328546,3,0,0.0181637,0,Broken or Intact Sheet,0.0868877,0.15117869,0.35490217,0.08324953,0.32378191
Splash,Splash,3.8015907,0.1,0.01,0.0005,29,49.8,95,B,N,N,BUP,Changed calibration,59.8,129,1,0.00007752,0.00277007,0.23117573,0.23476924,0.53120745,0.53120745,1000.2,13,0.23,1111.921713,2.46E+01,0.06144896,0.05,8.204984952,164.099699,7.0136451,21.622397,-2.7897482,-2.9957322,2.104542,4,1,0.9996831,1,Splash,0.08998122,0.15511643,0.35709967,0.08236609,0.31543658
Broken Sheet,Broken Sheet,3.8015907,0.1,0.01,0.0015,29,41.3,N,N,N,Sheet,Fall,Sheet Retraction,49.6,130,2,0.00025082,0.00890618,0.48800908,0.24349415,0.25933976,0.48800908,1000.2,13,0.23,1111.921713,2.46E+01,0.553040643,0.15,24.25696556,161.7131037,7.0136451,21.622397,-0.59252375,-1.89712,3.1885038,4,0,0.9268092,1,Broken or Intact Sheet,0.05405032,0.10392887,0.30862545,0.08975827,0.44363709
Intact Sheet,Intact Sheet,3.8015907,0.1,0.01,0.003,29,48.8,N,N,N,N,Stick,,58.5,131,3,0.00145846,0.04959669,0.80093007,0.09128191,0.05673287,0.80093007,1000.2,13,0.23,1111.921713,2.46E+01,2.212162571,0.3,47.47817787,158.2605929,7.0136451,21.622397,0.79377061,-1.2039728,3.8600702,4,0,0.0014422,0,Broken or Intact Sheet,0.02519437,0.05303256,0.20528156,0.07843707,0.63805444
Intact Sheet,Intact Sheet,3.8015907,0.1,0.01,0.004,29,52.3,N,N,N,N,Stick,,62.8,132,4,0.00470451,0.14358895,0.80075826,0.03270221,0.01824607,0.80075826,1000.2,13,0.23,1111.921713,2.46E+01,3.932733459,0.4,62.41586776,156.0396694,7.0136451,21.622397,1.3691348,-0.91629066,4.1336196,4,0,1.97E-06,0,Broken or Intact Sheet,0.01527781,0.03319683,0.1434636,0.06208469,0.74597706
Splash,Splash,3.8015907,0.1,0.015,0.0005,29,67.3,101,B,N,N,BUP,,80.8,133,5,0.00002197,0.00078685,0.07889229,0.12039782,0.79990107,0.79990107,1000.2,13,0.23,1111.921713,5.53E+01,0.06144896,0.033333333,8.204984952,246.1495486,7.0136451,20.811467,-2.7897482,-3.4011973,2.104542,5,1,0.9999999,1,Splash,0.08998122,0.15511643,0.35709967,0.08236609,0.31543658
Splash,Splash,3.8015907,0.1,0.015,0.0015,29,66.7,123,M,N,N,SD,,80,134,6,0.00007111,0.00254168,0.21629893,0.22846367,0.55262461,0.55262461,1000.2,13,0.23,1111.921713,5.53E+01,0.553040643,0.1,24.25696556,242.5696556,7.0136451,20.811467,-0.59252375,-2.3025851,3.1885038,5,1,0.9999681,1,Splash,0.05405032,0.10392887,0.30862545,0.08975827,0.44363709
Broken Sheet,Broken Sheet,3.8015907,0.1,0.015,0.003,29,72.7,182,M,N,N,Fall,,87.2,135,7,0.00041385,0.01460779,0.60498425,0.2049529,0.17504122,0.60498425,1000.2,13,0.23,1111.921713,5.53E+01,2.212162571,0.2,47.47817787,237.3908893,7.0136451,20.811467,0.79377061,-1.6094379,3.8600702,5,0,0.7524302,1,Broken or Intact Sheet,0.02519437,0.05303256,0.20528156,0.07843707,0.63805444
Intact Sheet,Intact Sheet,3.8015907,0.1,0.015,0.004,29,70.2,T,T,N,N,Fall,,84.2,136,8,0.00133805,0.04569486,0.79373709,0.09769891,0.06153109,0.79373709,1000.2,13,0.23,1111.921713,5.53E+01,3.932733459,0.266666667,62.41586776,234.0595041,7.0136451,20.811467,1.3691348,-1.3217558,4.1336196,5,0,0.003728,0,Broken or Intact Sheet,0.01527781,0.03319683,0.1434636,0.06208469,0.74597706
Splash,Splash,3.8015907,0.1,0.02,0.0005,29,58.2,106,B,N,N,BUP,Sideways Droplet,69.8,137,9,6.23E-06,0.00022317,0.02373104,0.04225327,0.93378629,0.93378629,1000.2,13,0.23,1111.921713,9.83E+01,0.06144896,0.025,8.204984952,328.1993981,7.0136451,20.236103,-2.7897482,-3.6888794,2.104542,1,1,1,1,Splash,0.08998122,0.15511643,0.35709967,0.08236609,0.31543658
Splash,Splash,3.8015907,0.1,0.02,0.0015,29,86.6,158,B,N,N,BUP,,103.9,138,10,0.00002016,0.00072185,0.07285509,0.11304705,0.81335584,0.81335584,1000.2,13,0.23,1111.921713,9.83E+01,0.553040643,0.075,24.25696556,323.4262074,7.0136451,20.236103,-0.59252375,-2.5902671,3.1885038,1,1,0.9999999,1,Splash,0.05405032,0.10392887,0.30862545,0.08975827,0.44363709
Splash,Splash,3.8015907,0.1,0.02,0.003,29,81.1,Prob,M,Y,N,Fall,"Rising Silo, Hit edge",97.3,139,11,0.00011734,0.00418702,0.31193453,0.25566618,0.42809493,0.42809493,1000.2,13,0.23,1111.921713,9.83E+01,2.212162571,0.15,47.47817787,316.5211858,7.0136451,20.236103,0.79377061,-1.89712,3.8600702,1,1,0.9995127,1,Splash,0.02519437,0.05303256,0.20528156,0.07843707,0.63805444
Intact Sheet,Intact Sheet,3.8015907,0.1,0.02,0.004,29,82.6,"3,247",T,N,N,Fall,Hit Edge,99.1,140,12,0.00037965,0.01341728,0.58567963,0.2126707,0.18785274,0.58567963,1000.2,13,0.23,1111.921713,9.83E+01,3.932733459,0.2,62.41586776,312.0793388,7.0136451,20.236103,1.3691348,-1.6094378,4.1336196,1,0,0.6970036,1,Broken or Intact Sheet,0.01527781,0.03319683,0.1434636,0.06208469,0.74597706
Splash,Splash,3.8015907,0.1,0.025,0.0005,29,77.2,119,B,N,N,BUP,Spreading Outwards,92.6,141,13,1.77E-06,0.00006327,0.00684544,0.01279331,0.98029621,0.98029621,1000.2,13,0.23,1111.921713,1.54E+02,0.06144896,0.02,8.204984952,410.2492476,7.0136451,19.789815,-2.7897482,-3.912023,2.104542,2,1,1,1,Splash,0.08998122,0.15511643,0.35709967,0.08236609,0.31543658
Splash,Splash,3.8015907,0.1,0.025,0.0015,29,81.6,174,B,N,N,BUP,,97.9,142,14,5.71E-06,0.00020473,0.0218128,0.03905086,0.9389259,0.9389259,1000.2,13,0.23,1111.921713,1.54E+02,0.553040643,0.06,24.25696556,404.2827593,7.0136451,19.789815,-0.59252375,-2.8134107,3.1885038,2,1,1,1,Splash,0.05405032,0.10392887,0.30862545,0.08975827,0.44363709
Splash,Splash,3.8015907,0.1,0.025,0.003,29,110.6,Prob,T,N,N,Fall,Hit Edge,132.7,143,15,0.00003327,0.00119063,0.11468101,0.1587652,0.7253299,0.7253299,1000.2,13,0.23,1111.921713,1.54E+02,2.212162571,0.12,47.47817787,395.6514822,7.0136451,19.789815,0.79377061,-2.1202635,3.8600702,2,1,0.999999,1,Splash,0.02519437,0.05303256,0.20528156,0.07843707,0.63805444
Splash,Splash,3.8015907,0.1,0.025,0.004,29,107.4,224,M,Y,N,Fall,Hit Edge,128.9,144,16,0.00010764,0.00384228,0.29393306,0.25277743,0.44933958,0.44933958,1000.2,13,0.23,1111.921713,1.54E+02,3.932733459,0.16,62.41586776,390.0991735,7.0136451,19.789815,1.3691348,-1.8325814,4.1336196,2,1,0.9990259,1,Splash,0.01527781,0.03319683,0.1434636,0.06208469,0.74597706
Splash,Splash,3.8015907,0.15,0.01,0.0005,29,21,94,B,N,N,BUP,,25.2,145,1,0.00012261,0.00437416,0.3213154,0.25681098,0.41737686,0.41737686,1000.3,33,0.49,438.0735599,1.37E+01,0.034370991,0.05,3.846268721,76.92537441,6.0820869,21.041303,-3.3708422,-2.9957322,1.3468036,5,1,0.293254,0,Splash,0.10294363,0.17074164,0.36358969,0.07853075,0.28419429
Broken Sheet,Broken Sheet,3.8015907,0.15,0.01,0.0015,29,33.8,N,N,N,Sheet,Stick,,40.5,146,2,0.00039669,0.01401082,0.59556759,0.20878155,0.18124336,0.59556759,1000.3,33,0.49,438.0735599,1.37E+01,0.309338921,0.15,11.33968223,75.59788153,6.0820869,21.041303,-1.1736177,-1.89712,2.4280083,5,0,0.0295783,0,Broken or Intact Sheet,0.0815912,0.14424235,0.35045898,0.08471036,0.3389971
Intact Sheet,Intact Sheet,3.8015907,0.15,0.01,0.003,29,38.3,N,N,N,N,Stick,,45.9,147,3,0.00230499,0.07612294,0.82260908,0.0623319,0.03663109,0.82260908,1000.3,33,0.49,438.0735599,1.37E+01,1.237355685,0.3,22.10711433,73.69038109,6.0820869,21.041303,0.21267665,-1.2039728,3.0955995,5,0,0.000387,0,Broken or Intact Sheet,0.05793517,0.11007202,0.3169333,0.08948694,0.42557257
Intact Sheet,Intact Sheet,3.8015907,0.15,0.01,0.004,29,40.8,N,N,N,N,Stick,,48.9,148,4,0.00742114,0.20851537,0.7512387,0.02121162,0.01161317,0.7512387,1000.3,33,0.49,438.0735599,1.37E+01,2.19974344,0.4,28.98852307,72.47130769,6.0820869,21.041303,0.78804088,-0.91629066,3.3666001,5,0,0.0000155,0,Broken or Intact Sheet,0.04636099,0.09129527,0.28904239,0.08951093,0.48379041
Splash,Splash,3.8015907,0.15,0.015,0.0005,29,44.8,103,B,Y,N,BUP,,53.8,149,5,0.00003476,0.00124402,0.11920344,0.16302454,0.71649324,0.71649324,1000.3,33,0.49,438.0735599,3.09E+01,0.034370991,0.033333333,3.846268721,115.3880616,6.0820869,20.230373,-3.3708422,-3.4011973,1.3468036,1,1,0.9521615,1,Splash,0.10294363,0.17074164,0.36358969,0.07853075,0.28419429
Splash,Splash,3.8015907,0.15,0.015,0.0015,29,50.3,129,M,N,N,SD,,60.4,150,6,0.00011248,0.00401408,0.30302364,0.25435237,0.43849744,0.43849744,1000.3,33,0.49,438.0735599,3.09E+01,0.309338921,0.1,11.33968223,113.3968223,6.0820869,20.230373,-1.1736177,-2.3025851,2.4280083,1,1,0.576741,1,Splash,0.0815912,0.14424235,0.35045898,0.08471036,0.3389971
Broken Sheet,Broken Sheet,3.8015907,0.15,0.015,0.003,29,51.8,204,M,N,Sheet,Fall,,62.2,151,7,0.00065445,0.02290044,0.69718133,0.16098746,0.11827631,0.69718133,1000.3,33,0.49,438.0735599,3.09E+01,1.237355685,0.2,22.10711433,110.5355716,6.0820869,20.230373,0.21267665,-1.6094379,3.0955995,1,0,0.0153793,0,Broken or Intact Sheet,0.05793517,0.11007202,0.3169333,0.08948694,0.42557257
Intact Sheet,Intact Sheet,3.8015907,0.15,0.015,0.004,29,54.8,N,N,N,N,Stick,,65.8,152,8,0.00211484,0.07029891,0.82065827,0.06712705,0.03980092,0.82065827,1000.3,33,0.49,438.0735599,3.09E+01,2.19974344,0.266666667,28.98852307,108.7069615,6.0820869,20.230373,0.78804088,-1.3217558,3.3666001,1,0,0.0005859,0,Broken or Intact Sheet,0.04636099,0.09129527,0.28904239,0.08951093,0.48379041
Splash,Splash,3.8015907,0.15,0.02,0.0005,29,55.4,101,B,N,N,BUP,,66.5,153,9,9.85E-06,0.00035296,0.03701601,0.06347107,0.8991501,0.8991501,1000.3,33,0.49,438.0735599,5.50E+01,0.034370991,0.025,3.846268721,153.8507488,6.0820869,19.655009,-3.3708422,-3.6888794,1.3468036,2,1,0.9980012,1,Splash,0.10294363,0.17074164,0.36358969,0.07853075,0.28419429
Splash,Splash,3.8015907,0.15,0.02,0.0015,29,55.3,128,M,N,N,SD,,66.4,154,10,0.00003189,0.0011413,0.11046061,0.154677,0.73368921,0.73368921,1000.3,33,0.49,438.0735599,5.50E+01,0.309338921,0.075,11.33968223,151.1957631,6.0820869,19.655009,-1.1736177,-2.5902671,2.4280083,2,1,0.9698713,1,Splash,0.0815912,0.14424235,0.35045898,0.08471036,0.3389971
Splash,Splash,3.8015907,0.15,0.02,0.003,29,67.4,181,M,N,N,Fall,,80.9,155,11,0.0001856,0.0066059,0.41569669,0.25629192,0.32121988,0.41569669,1000.3,33,0.49,438.0735599,5.50E+01,1.237355685,0.15,22.10711433,147.3807622,6.0820869,19.655009,0.21267665,-1.89712,3.0955995,2,1,0.2527738,0,Splash,0.05793517,0.11007202,0.3169333,0.08948694,0.42557257
Broken Sheet,Broken Sheet,3.8015907,0.15,0.02,0.004,29,68.5,180,M,N,N,Fall,,82.2,156,12,0.00060038,0.02104938,0.68139264,0.16938197,0.12757563,0.68139264,1000.3,33,0.49,438.0735599,5.50E+01,2.19974344,0.2,28.98852307,144.9426154,6.0820869,19.655009,0.78804088,-1.6094378,3.3666001,2,0,0.011863,0,Broken or Intact Sheet,0.04636099,0.09129527,0.28904239,0.08951093,0.48379041
Splash,Splash,3.8015907,0.15,0.025,0.0005,29,67.9,120,B,N,N,BUP,,81.5,157,13,2.79E-06,0.00010008,0.01078413,0.01992661,0.96918639,0.96918639,1000.3,33,0.49,438.0735599,8.59E+01,0.034370991,0.02,3.846268721,192.313436,6.0820869,19.208721,-3.3708422,-3.912023,1.3468036,2,1,0.9999037,1,Splash,0.10294363,0.17074164,0.36358969,0.07853075,0.28419429
Splash,Splash,3.8015907,0.15,0.025,0.0015,29,67,144,M,Y,N,SD,,80.4,158,14,9.04E-06,0.00032379,0.03406215,0.05889538,0.90670963,0.90670963,1000.3,33,0.49,438.0735599,8.59E+01,0.309338921,0.06,11.33968223,188.9947038,6.0820869,19.208721,-1.1736177,-2.8134107,2.4280083,2,1,0.9984239,1,Splash,0.0815912,0.14424235,0.35045898,0.08471036,0.3389971
Splash,Splash,3.8015907,0.15,0.025,0.003,29,78.1,144,M,N,N,Fall,,93.7,159,15,0.00005262,0.00188192,0.16981886,0.20285132,0.62539529,0.62539529,1000.3,33,0.49,438.0735599,8.59E+01,1.237355685,0.12,22.10711433,184.2259527,6.0820869,19.208721,0.21267665,-2.1202635,3.0955995,2,1,0.8599629,1,Splash,0.05793517,0.11007202,0.3169333,0.08948694,0.42557257
Splash,Splash,3.8015907,0.15,0.025,0.004,29,80.5,136,M,N,N,Fall,,96.6,160,16,0.00017026,0.00606329,0.39535368,0.25809597,0.34031681,0.39535368,1000.3,33,0.49,438.0735599,8.59E+01,2.19974344,0.16,28.98852307,181.1782692,6.0820869,19.208721,0.78804088,-1.8325814,3.3666001,2,1,0.1714536,0,Splash,0.04636099,0.09129527,0.28904239,0.08951093,0.48379041
Intact Sheet,Intact Sheet,3.8015907,0.25,0.01,0.0005,29,27.8,N,N,N,N,Stuck,,33.4,161,1,0.00030672,0.01086868,0.53615713,0.23007766,0.22258981,0.53615713,1000.5,64,0.96,225.9268421,6.95E+00,0.017369792,0.05,1.963766341,39.27532682,5.4197114,20.358623,-4.0535225,-2.9957322,0.67436441,1,0,0.0209076,0,Broken or Intact Sheet,0.10903704,0.17761859,0.36535254,0.07669889,0.27129295
Intact Sheet,Intact Sheet,3.8015907,0.25,0.01,0.0015,29,27.3,N,N,N,N,Stuck,,32.8,162,2,0.00099192,0.03429197,0.7611728,0.12225967,0.08128364,0.7611728,1000.5,64,0.96,225.9268421,6.95E+00,0.156328125,0.15,5.790634116,38.60422744,5.4197114,20.358623,-1.856298,-1.89712,1.7557419,1,0,0.0057836,0,Broken or Intact Sheet,0.09697303,0.16371666,0.36110525,0.0803156,0.29788947
Crater,Crater,3.8015907,0.25,0.01,0.003,29,24.9,N,N,N,N,Stuck,,29.9,163,3,0.00574717,0.16979967,0.78240117,0.02708201,0.01496998,0.78240117,1000.5,64,0.96,225.9268421,6.95E+00,0.6253125,0.3,11.29185162,37.6395054,5.4197114,20.358623,-0.47000361,-1.2039728,2.4235815,1,0,0.0006586,0,Crater,0.08171951,0.14441334,0.35057744,0.08467592,0.3386138
Crater,Crater,3.8015907,0.25,0.01,0.004,29,26.3,N,N,N,N,Stuck,,31.6,164,4,0.01836293,0.38959367,0.57866021,0.00870903,0.00467416,0.57866021,1000.5,64,0.96,225.9268421,6.95E+00,1.111666667,0.4,14.80908224,37.02270559,5.4197114,20.358623,0.10536061,-0.91629066,2.6947408,1,0,0.0001322,0,Crater,0.07314598,0.13265796,0.34134416,0.08683642,0.36601548
Broken Sheet,Broken Sheet,3.8015907,0.25,0.015,0.0005,29,34.3,88,M,N,N,Fall,Transition,41.2,165,5,0.00008696,0.00310639,0.25206045,0.24223462,0.50251158,0.50251158,1000.5,64,0.96,225.9268421,1.56E+01,0.017369792,0.033333333,1.963766341,58.91299024,5.4197114,19.547693,-4.0535225,-3.4011973,0.67436441,2,0,0.1322656,0,Broken or Intact Sheet,0.10903704,0.17761859,0.36535254,0.07669889,0.27129295
Intact Sheet,Intact Sheet,3.8015907,0.25,0.015,0.0015,29,37.8,N,N,N,N,Stick,,45.3,166,6,0.00028137,0.00997963,0.51561837,0.23624265,0.23787798,0.51561837,1000.5,64,0.96,225.9268421,1.56E+01,0.156328125,0.1,5.790634116,57.90634116,5.4197114,19.547693,-1.856298,-2.3025851,1.7557419,2,0,0.0381479,0,Broken or Intact Sheet,0.09697303,0.16371666,0.36110525,0.0803156,0.29788947
Intact Sheet,Intact Sheet,3.8015907,0.25,0.015,0.003,29,41.8,N,N,N,N,Stuck,,50.1,167,7,0.00163583,0.05528449,0.80898192,0.08321179,0.05088597,0.80898192,1000.5,64,0.96,225.9268421,1.56E+01,0.6253125,0.2,11.29185162,56.4592581,5.4197114,19.547693,-0.47000361,-1.6094379,2.4235815,2,0,0.0041836,0,Broken or Intact Sheet,0.08171951,0.14441334,0.35057744,0.08467592,0.3386138
Crater,Crater,3.8015907,0.25,0.015,0.004,29,40.8,N,N,N,N,Stuck,,49,168,8,0.00527456,0.15813116,0.7909256,0.02937158,0.0162971,0.7909256,1000.5,64,0.96,225.9268421,1.56E+01,1.111666667,0.266666667,14.80908224,55.53405839,5.4197114,19.547693,0.10536061,-1.3217558,2.6947408,2,0,0.0008062,0,Crater,0.07314598,0.13265796,0.34134416,0.08683642,0.36601548
Splash,Splash,3.8015907,0.25,0.02,0.0005,29,46.8,84,M,N,N,Fall,Transition,56.1,169,9,0.00002465,0.00088261,0.08764276,0.13058224,0.78086774,0.78086774,1000.5,64,0.96,225.9268421,2.78E+01,0.017369792,0.025,1.963766341,78.55065365,5.4197114,18.972328,-4.0535225,-3.6888794,0.67436441,3,1,0.4401421,0,Splash,0.10903704,0.17761859,0.36535254,0.07669889,0.27129295
Intact Sheet,Intact Sheet,3.8015907,0.25,0.02,0.0015,29,45.8,N,N,N,N,Stick,,54.9,170,10,0.00007977,0.00285035,0.23626927,0.23673545,0.52406516,0.52406516,1000.5,64,0.96,225.9268421,2.78E+01,0.156328125,0.075,5.790634116,77.20845488,5.4197114,18.972328,-1.856298,-2.5902671,1.7557419,3,0,0.1648753,0,Broken or Intact Sheet,0.09697303,0.16371666,0.36110525,0.0803156,0.29788947
Intact Sheet,Intact Sheet,3.8015907,0.25,0.02,0.003,29,51.3,N,N,N,N,Stuck,,61.5,171,11,0.00046424,0.01635645,0.62986883,0.19425303,0.15905746,0.62986883,1000.5,64,0.96,225.9268421,2.78E+01,0.6253125,0.15,11.29185162,75.2790108,5.4197114,18.972328,-0.47000361,-1.89712,2.4235815,3,0,0.019473,0,Broken or Intact Sheet,0.08171951,0.14441334,0.35057744,0.08467592,0.3386138
Intact Sheet,Intact Sheet,3.8015907,0.25,0.02,0.004,29,56.7,N,N,N,N,Stuck,,68,172,12,0.0015008,0.05096075,0.8031012,0.08921861,0.05521864,0.8031012,1000.5,64,0.96,225.9268421,2.78E+01,1.111666667,0.2,14.80908224,74.04541118,5.4197114,18.972328,0.10536061,-1.6094378,2.6947408,3,0,0.0036752,0,Broken or Intact Sheet,0.07314598,0.13265796,0.34134416,0.08683642,0.36601548
Splash,Splash,3.8015907,0.25,0.025,0.0005,29,57.8,87,M,N,N,SD,,69.3,173,13,6.99E-06,0.00025035,0.02654357,0.04688415,0.92631494,0.92631494,1000.5,64,0.96,225.9268421,4.34E+01,0.017369792,0.02,1.963766341,98.18831706,5.4197114,18.526041,-4.0535225,-3.912023,0.67436441,3,1,0.7869259,1,Splash,0.10903704,0.17761859,0.36535254,0.07669889,0.27129295
Splash,Splash,3.8015907,0.25,0.025,0.0015,29,58.8,113,M,N,N,Fall,Transition,70.5,174,14,0.00002261,0.00080971,0.08099625,0.12289666,0.79527477,0.79527477,1000.5,64,0.96,225.9268421,4.34E+01,0.156328125,0.06,5.790634116,96.51056859,5.4197114,18.526041,-1.856298,-2.8134107,1.7557419,3,1,0.4733655,0,Splash,0.09697303,0.16371666,0.36110525,0.0803156,0.29788947
Intact Sheet,Intact Sheet,3.8015907,0.25,0.025,0.003,29,69.2,81,T,N,N,Stuck,,83,175,15,0.00013164,0.00469452,0.33677549,0.25818444,0.40021391,0.40021391,1000.5,64,0.96,225.9268421,4.34E+01,0.6253125,0.12,11.29185162,94.09876349,5.4197114,18.526041,-0.47000361,-2.1202635,2.4235815,3,0,0.0795312,0,Broken or Intact Sheet,0.08171951,0.14441334,0.35057744,0.08467592,0.3386138
Intact Sheet,Intact Sheet,3.8015907,0.25,0.025,0.004,29,60.4,N,N,N,N,Stuck,,72.5,176,16,0.00042587,0.01502572,0.61128229,0.20232459,0.17094152,0.61128229,1000.5,64,0.96,225.9268421,4.34E+01,1.111666667,0.16,14.80908224,92.55676398,5.4197114,18.526041,0.10536061,-1.8325814,2.6947408,3,0,0.0153459,0,Broken or Intact Sheet,0.07314598,0.13265796,0.34134416,0.08683642,0.36601548
Crater,Crater,3.8015907,1,0.01,0.0005,29,18.5,N,N,N,Y,Stuck,Fill Back,22.2,177,1,0.22950249,0.68696925,0.08267709,0.00055633,0.00029484,0.68696925,1002,106,2.1,136.6131701,2.41E+00,0.006021088,0.05,0.900969545,18.0193909,4.9151554,19.29766,-5.1144851,-2.9957322,-0.10628177,2,0,0.0055136,0,Crater,0.1126184,0.1815265,0.36606355,0.07562379,0.26416776
Lump,Lump,3.8015907,1,0.01,0.0015,29,17.4,N,N,N,Y,Stuck,Fill back,20.9,178,2,0.4908192,0.4817891,0.02712853,0.00017205,0.00009113,0.4908192,1002,106,2.1,136.6131701,2.41E+00,0.054189796,0.15,2.667721171,17.7848078,4.9151554,19.29766,-2.9172606,-1.89712,0.97922663,2,0,0.0032151,0,Lump,0.10673616,0.17505595,0.36477224,0.07739075,0.2760449
Lump,Lump,3.8015907,1,0.01,0.003,29,20.4,N,N,N,Y,Stuck,Fill back,24.5,179,3,0.84875449,0.14643119,0.00476911,0.00002956,0.00001565,0.84875449,1002,106,2.1,136.6131701,2.41E+00,0.216759184,0.3,5.23324977,17.4441659,4.9151554,19.29766,-1.5309663,-1.2039728,1.6530345,2,0,0.0013217,0,Lump,0.09867673,0.16575071,0.36189651,0.07980836,0.29386769
Lump,Lump,3.8015907,1,0.01,0.004,29,19.9,N,N,N,Y,Stuck,Boing,23.9,180,4,0.94780988,0.0506975,0.00147865,9.14E-06,4.84E-06,0.94780988,1002,106,2.1,136.6131701,2.41E+00,0.38534966,0.4,6.889691733,17.22422933,4.9151554,19.29766,-0.95560206,-0.91629066,1.9280284,2,0,0.0006925,0,Lump,0.09376518,0.15982177,0.35942448,0.08126375,0.30572482
Intact Sheet,Intact Sheet,3.8015907,1,0.015,0.0005,29,28.3,N,N,N,Y,Stuck,Tiny retraction,34,181,5,0.07785844,0.67883985,0.24030537,0.00195697,0.00103937,0.67883985,1002,106,2.1,136.6131701,5.42E+00,0.006021088,0.033333333,0.900969545,27.02908635,4.9151554,18.48673,-5.1144851,-3.4011973,-0.10628177,3,0,0.0126529,0,Broken or Intact Sheet,0.1126184,0.1815265,0.36606355,0.07562379,0.26416776
Crater,Crater,3.8015907,1,0.015,0.0015,29,28.3,N,N,N,Y,Stuck,Tiny retraction,34,182,6,0.21460103,0.69502338,0.08944778,0.00060641,0.0003214,0.69502338,1002,106,2.1,136.6131701,5.42E+00,0.054189796,0.1,2.667721171,26.67721171,4.9151554,18.48673,-2.9172606,-2.3025851,0.97922663,3,0,0.0071861,0,Crater,0.10673616,0.17505595,0.36477224,0.07739075,0.2760449
Crater,Crater,3.8015907,1,0.015,0.003,29,27.4,N,N,N,Y,Stuck,Fill back,32.9,183,7,0.61400571,0.36921437,0.01662042,0.00010427,0.00005522,0.61400571,1002,106,2.1,136.6131701,5.42E+00,0.216759184,0.2,5.23324977,26.16624885,4.9151554,18.48673,-1.5309663,-1.6094379,1.6530345,3,0,0.0028341,0,Crater,0.09867673,0.16575071,0.36189651,0.07980836,0.29386769
Crater,Crater,3.8015907,1,0.015,0.004,29,30.3,N,N,N,Y,Stuck,Fill back,36.4,184,8,0.8373412,0.15741288,0.00519663,0.00003223,0.00001706,0.8373412,1002,106,2.1,136.6131701,5.42E+00,0.38534966,0.266666667,6.889691733,25.836344,4.9151554,18.48673,-0.95560206,-1.3217558,1.9280284,3,0,0.0014437,0,Crater,0.09376518,0.15982177,0.35942448,0.08126375,0.30572482
Intact Sheet,Intact Sheet,3.8015907,1,0.02,0.0005,29,41.8,N,N,N,Y,Stuck,Tiny retraction,50.2,185,9,0.02337375,0.44516249,0.52097264,0.00683401,0.00365711,0.52097264,1002,106,2.1,136.6131701,9.63E+00,0.006021088,0.025,0.900969545,36.0387818,4.9151554,17.911366,-5.1144851,-3.6888794,-0.10628177,3,0,0.025873,0,Broken or Intact Sheet,0.1126184,0.1815265,0.36606355,0.07562379,0.26416776
Crater,Crater,3.8015907,1,0.02,0.0015,29,42.3,N,N,N,Y,Stuck,Tiny retraction,50.8,186,10,0.07188453,0.66857795,0.25627203,0.00213256,0.00113293,0.66857795,1002,106,2.1,136.6131701,9.63E+00,0.054189796,0.075,2.667721171,35.56961561,4.9151554,17.911366,-2.9172606,-2.5902671,0.97922663,3,0,0.0145035,0,Crater,0.10673616,0.17505595,0.36477224,0.07739075,0.2760449
Crater,Crater,3.8015907,1,0.02,0.003,29,42.3,N,N,N,Y,Stuck,Tiny retraction,50.7,187,11,0.31077422,0.6324378,0.05622553,0.00036765,0.00019479,0.6324378,1002,106,2.1,136.6131701,9.63E+00,0.216759184,0.15,5.23324977,34.8883318,4.9151554,17.911366,-1.5309663,-1.89712,1.6530345,3,0,0.0055861,0,Crater,0.09867673,0.16575071,0.36189651,0.07980836,0.29386769
Crater,Crater,3.8015907,1,0.02,0.004,29,41.8,N,N,N,Y,Stuck,Fill back,50.2,188,12,0.59336482,0.38837066,0.01809065,0.00011367,0.0000602,0.59336482,1002,106,2.1,136.6131701,9.63E+00,0.38534966,0.2,6.889691733,34.44845867,4.9151554,17.911366,-0.95560206,-1.6094378,1.9280284,3,0,0.002797,0,Crater,0.09376518,0.15982177,0.35942448,0.08126375,0.30572482
Intact Sheet,Intact Sheet,3.8015907,1,0.025,0.0005,29,58.2,N,N,N,Y,Stuck,Tiny retraction,69.8,189,13,0.00673838,0.19319585,0.76401101,0.02327126,0.01278349,0.76401101,1002,106,2.1,136.6131701,1.51E+01,0.006021088,0.02,0.900969545,45.04847725,4.9151554,17.465079,-5.1144851,-3.912023,-0.10628177,3,0,0.0506655,0,Broken or Intact Sheet,0.1126184,0.1815265,0.36606355,0.07562379,0.26416776
Intact Sheet,Intact Sheet,3.8015907,1,0.025,0.0015,29,55.2,N,N,N,Y,Stuck,Tiny retraction,66.2,190,14,0.02148294,0.42563799,0.54145328,0.00744041,0.00398538,0.54145328,1002,106,2.1,136.6131701,1.51E+01,0.054189796,0.06,2.667721171,44.46201951,4.9151554,17.465079,-2.9172606,-2.8134107,0.97922663,3,0,0.0283071,0,Broken or Intact Sheet,0.10673616,0.17505595,0.36477224,0.07739075,0.2760449
Intact Sheet,Intact Sheet,3.8015907,1,0.025,0.003,29,55.3,N,N,N,Y,Stuck,Tiny retraction,66.3,191,15,0.11332828,0.71148183,0.17320853,0.00129453,0.00068684,0.71148183,1002,106,2.1,136.6131701,1.51E+01,0.216759184,0.12,5.23324977,43.61041475,4.9151554,17.465079,-1.5309663,-2.1202635,1.6530345,3,0,0.0107598,0,Broken or Intact Sheet,0.09867673,0.16575071,0.36189651,0.07980836,0.29386769
Crater,Crater,3.8015907,1,0.025,0.004,29,51.8,N,N,N,Y,Stuck,Tiny retraction,62.1,192,16,0.29259978,0.64580967,0.06097746,0.00040076,0.00021234,0.64580967,1002,106,2.1,136.6131701,1.51E+01,0.38534966,0.16,6.889691733,43.06057333,4.9151554,17.465079,-0.95560206,-1.8325814,1.9280284,3,0,0.0053244,0,Crater,0.09376518,0.15982177,0.35942448,0.08126375,0.30572482
Splash,Splash,2.5452945,0.1,0.01,0.0005,13,39.3,129,B,N,N,BUP,Bad Test,47.1,193,1,0.0006308,0.02209146,0.6905388,0.16456622,0.12217272,0.6905388,1000.2,13,0.23,498.4476767,2.46E+01,0.06144896,0.05,5.473581389,109.4716278,6.2112986,21.622397,-2.7897482,-2.9957322,1.6997332,4,1,0.5180676,1,Splash,0.09792049,0.16485077,0.3615537,0.08003378,0.29564127
Intact Sheet,Intact Sheet,2.5452945,0.1,0.01,0.0015,13,35.1,N,N,N,N,Fall,,42.1,194,2,0.0020385,0.06793928,0.81952483,0.06926439,0.041233,0.81952483,1000.2,13,0.23,498.4476767,2.46E+01,0.553040643,0.15,16.06785375,107.119025,6.2112986,21.622397,-0.59252375,-1.89712,2.7766206,4,0,0.0218741,0,Broken or Intact Sheet,0.07027348,0.12856599,0.33759515,0.0874787,0.37608668
Intact Sheet,Intact Sheet,2.5452945,0.1,0.01,0.003,13,36.8,N,N,N,N,Stick,Bad Drop,44.1,195,3,0.01175204,0.29285854,0.67449717,0.01355919,0.00733306,0.67449717,1000.2,13,0.23,498.4476767,2.46E+01,2.212162571,0.3,31.13213847,103.7737949,6.2112986,21.622397,0.79377061,-1.2039728,3.4380407,4,0,0.00003,0,Broken or Intact Sheet,0.04322449,0.08595546,0.27968292,0.08901873,0.50211841
Intact Sheet,Intact Sheet,2.5452945,0.1,0.01,0.004,13,34.2,N,N,N,N,Stick,,41,196,4,0.03705791,0.54930682,0.40708487,0.00427289,0.0022775,0.54930682,1000.2,13,0.23,498.4476767,2.46E+01,3.932733459,0.4,40.66294011,101.6573503,6.2112986,21.622397,1.3691348,-0.91629066,3.7051172,4,0,2.10E-07,0,Broken or Intact Sheet,0.03159114,0.06516095,0.23632858,0.08416516,0.58275417
Splash,Splash,2.5452945,0.1,0.015,0.0005,13,44.8,130,B,N,N,BUP,,53.7,197,5,0.00017889,0.00636857,0.40697839,0.25716916,0.32930499,0.40697839,1000.2,13,0.23,498.4476767,5.53E+01,0.06144896,0.033333333,5.473581389,164.2074417,6.2112986,20.811467,-2.7897482,-3.4011973,1.6997332,5,1,0.9974062,1,Splash,0.09792049,0.16485077,0.3615537,0.08003378,0.29564127
Intact Sheet,Intact Sheet,2.5452945,0.1,0.015,0.0015,13,38.8,N,N,N,N,Fall,,46.5,198,6,0.00057868,0.02030434,0.67441082,0.17297353,0.13173262,0.67441082,1000.2,13,0.23,498.4476767,5.53E+01,0.553040643,0.1,16.06785375,160.6785375,6.2112986,20.811467,-0.59252375,-2.3025851,2.7766206,5,0,0.8776816,1,Broken or Intact Sheet,0.07027348,0.12856599,0.33759515,0.0874787,0.37608668
Intact Sheet,Intact Sheet,2.5452945,0.1,0.015,0.003,13,46.2,N,N,N,N,Stick,,55.4,199,7,0.00335953,0.10709353,0.8195398,0.04460815,0.025399,0.8195398,1000.2,13,0.23,498.4476767,5.53E+01,2.212162571,0.2,31.13213847,155.6606924,6.2112986,20.811467,0.79377061,-1.6094379,3.4380407,5,0,0.0081528,0,Broken or Intact Sheet,0.04322449,0.08595546,0.27968292,0.08901873,0.50211841
Intact Sheet,Intact Sheet,2.5452945,0.1,0.015,0.004,13,46.3,N,N,N,N,Stick,,55.5,200,8,0.01079098,0.2758557,0.69062104,0.01474363,0.00798864,0.69062104,1000.2,13,0.23,498.4476767,5.53E+01,3.932733459,0.266666667,40.66294011,152.4860254,6.2112986,20.811467,1.3691348,-1.3217558,3.7051172,5,0,0.0000521,0,Broken or Intact Sheet,0.03159114,0.06516095,0.23632858,0.08416516,0.58275417
Splash,Splash,2.5452945,0.1,0.02,0.0005,13,62.3,143,B,N,N,BUP,BAD Droplet,74.8,201,9,0.00005071,0.00181398,0.16471109,0.19943859,0.63398564,0.63398564,1000.2,13,0.23,498.4476767,9.83E+01,0.06144896,0.025,5.473581389,218.9432556,6.2112986,20.236103,-2.7897482,-3.6888794,1.6997332,1,1,0.9999768,1,Splash,0.09792049,0.16485077,0.3615537,0.08003378,0.29564127
Splash,Splash,2.5452945,0.1,0.02,0.0015,13,63.8,213,B,Y,N,Fall,Concavity Change,76.5,202,10,0.0001641,0.00584533,0.38675728,0.25859758,0.34863571,0.38675728,1000.2,13,0.23,498.4476767,9.83E+01,0.553040643,0.075,16.06785375,214.23805,6.2112986,20.236103,-0.59252375,-2.5902671,2.7766206,1,1,0.9986264,1,Splash,0.07027348,0.12856599,0.33759515,0.0874787,0.37608668
Broken Sheet,Broken Sheet,2.5452945,0.1,0.02,0.003,13,68.8,N,N,Y,N,Fall,Concavity Change,82.6,203,11,0.00095459,0.03304534,0.75616099,0.1256415,0.08419759,0.75616099,1000.2,13,0.23,498.4476767,9.83E+01,2.212162571,0.15,31.13213847,207.5475898,6.2112986,20.236103,0.79377061,-1.89712,3.4380407,1,0,0.4197959,0,Broken or Intact Sheet,0.04322449,0.08595546,0.27968292,0.08901873,0.50211841
Intact Sheet,Intact Sheet,2.5452945,0.1,0.02,0.004,13,65.3,N,N,N,N,Stick,Bad Droplet,78.3,204,12,0.00308265,0.09917291,0.82190666,0.04821304,0.02762475,0.82190666,1000.2,13,0.23,498.4476767,9.83E+01,3.932733459,0.2,40.66294011,203.3147006,6.2112986,20.236103,1.3691348,-1.6094378,3.7051172,1,0,0.0041781,0,Broken or Intact Sheet,0.03159114,0.06516095,0.23632858,0.08416516,0.58275417
Splash,Splash,2.5452945,0.1,0.025,0.0005,13,78.1,159,B,N,N,BUP,,93.7,205,13,0.00001438,0.0005149,0.05308797,0.08701634,0.85936642,0.85936642,1000.2,13,0.23,498.4476767,1.54E+02,0.06144896,0.02,5.473581389,273.6790695,6.2112986,19.789815,-2.7897482,-3.912023,1.6997332,2,1,0.9999997,1,Splash,0.09792049,0.16485077,0.3615537,0.08003378,0.29564127
Splash,Splash,2.5452945,0.1,0.025,0.0015,13,99.3,197,B,N,N,Fall,,119.1,206,14,0.00004652,0.00166428,0.1532277,0.19129375,0.65376775,0.65376775,1000.2,13,0.23,498.4476767,1.54E+02,0.553040643,0.06,16.06785375,267.7975624,6.2112986,19.789815,-0.59252375,-2.8134107,2.7766206,2,1,0.9999811,1,Splash,0.07027348,0.12856599,0.33759515,0.0874787,0.37608668
Splash,Splash,2.5452945,0.1,0.025,0.003,13,94.2,209,B,N,N,Fall,Not Smooth Impact Surface,113,207,15,0.00027077,0.00960751,0.50641888,0.23879364,0.2449092,0.50641888,1000.2,13,0.23,498.4476767,1.54E+02,2.212162571,0.12,31.13213847,259.4344873,6.2112986,19.789815,0.79377061,-2.1202635,3.4380407,2,1,0.9787216,1,Splash,0.04322449,0.08595546,0.27968292,0.08901873,0.50211841
Intact Sheet,Intact Sheet,2.5452945,0.1,0.025,0.004,13,92.8,N,N,N,N,Fall,"Concavity Change, Sheet held, Big",111.4,208,16,0.00087574,0.0304013,0.74421855,0.13341007,0.09109433,0.74421855,1000.2,13,0.23,498.4476767,1.54E+02,3.932733459,0.16,40.66294011,254.1433757,6.2112986,19.789815,1.3691348,-1.8325814,3.7051172,2,0,0.1967204,0,Broken or Intact Sheet,0.03159114,0.06516095,0.23632858,0.08416516,0.58275417
Broken Sheet,Broken Sheet,2.5452945,0.15,0.01,0.0005,13,32.8,97,T,N,N,OUT,,39.3,209,1,0.00099741,0.03447502,0.76187841,0.12177713,0.08087203,0.76187841,1000.3,33,0.49,196.3778075,1.37E+01,0.034370991,0.05,2.564096247,51.28192493,5.2797404,21.041303,-3.3708422,-2.9957322,0.94130616,5,0,0.0137744,0,Broken or Intact Sheet,0.10705936,0.1754184,0.36485982,0.07729354,0.27536887
Intact Sheet,Intact Sheet,2.5452945,0.15,0.01,0.0015,13,30.9,N,N,N,N,Stick,,37.1,210,2,0.00322062,0.10313806,0.82082516,0.04634709,0.02646907,0.82082516,1000.3,33,0.49,196.3778075,1.37E+01,0.309338921,0.15,7.496525153,49.97683435,5.2797404,21.041303,-1.1736177,-1.89712,2.0141396,5,0,0.0022163,0,Broken or Intact Sheet,0.09198509,0.15762333,0.35837869,0.08178487,0.31022802
Intact Sheet,Intact Sheet,2.5452945,0.15,0.01,0.003,13,33.7,N,N,N,N,Stick,,40.4,211,3,0.01846278,0.39082885,0.57739793,0.00866191,0.00464853,0.57739793,1000.3,33,0.49,196.3778075,1.37E+01,1.237355685,0.3,14.441751,48.13916999,5.2797404,21.041303,0.21267665,-1.2039728,2.6698234,5,0,0.0000896,0,Broken or Intact Sheet,0.07399435,0.13385154,0.34238453,0.08663764,0.36313194
Intact Sheet,Intact Sheet,2.5452945,0.15,0.01,0.004,13,31.4,N,N,N,N,Stick,,37.7,212,4,0.05737997,0.6341967,0.30427215,0.00271013,0.00144105,0.6341967,1000.3,33,0.49,196.3778075,1.37E+01,2.19974344,0.4,18.79493738,46.98734345,5.2797404,21.041303,0.78804088,-0.91629066,2.9332876,5,0,7.73E-06,0,Broken or Intact Sheet,0.06442849,0.11999371,0.32879763,0.08860783,0.39817234
Splash,Splash,2.5452945,0.15,0.015,0.0005,13,40,140,B,N,N,OUT,,48,213,5,0.00028293,0.01003433,0.51693937,0.23586551,0.23687786,0.51693937,1000.3,33,0.49,196.3778075,3.09E+01,0.034370991,0.033333333,2.564096247,76.9228874,5.2797404,20.230373,-3.3708422,-3.4011973,0.94130616,1,1,0.2043783,0,Splash,0.10705936,0.1754184,0.36485982,0.07729354,0.27536887
Broken Sheet,Broken Sheet,2.5452945,0.15,0.015,0.0015,13,42.8,N,N,N,N,Stick,,51.3,214,6,0.00091503,0.03172058,0.75041444,0.12942754,0.08752241,0.75041444,1000.3,33,0.49,196.3778075,3.09E+01,0.309338921,0.1,7.496525153,74.96525153,5.2797404,20.230373,-1.1736177,-2.3025851,2.0141396,1,0,0.0367082,0,Broken or Intact Sheet,0.09198509,0.15762333,0.35837869,0.08178487,0.31022802
Intact Sheet,Intact Sheet,2.5452945,0.15,0.015,0.003,13,44.6,N,N,N,N,Stick,,53.5,215,7,0.00530362,0.15885874,0.79040913,0.02921974,0.01620877,0.79040913,1000.3,33,0.49,196.3778075,3.09E+01,1.237355685,0.2,14.441751,72.20875499,5.2797404,20.230373,0.21267665,-1.6094379,2.6698234,1,0,0.001389,0,Broken or Intact Sheet,0.07399435,0.13385154,0.34238453,0.08663764,0.36313194
Intact Sheet,Intact Sheet,2.5452945,0.15,0.015,0.004,13,46.4,N,N,N,N,Stick,,55.7,216,8,0.01696234,0.37164187,0.59690319,0.00942727,0.00506533,0.59690319,1000.3,33,0.49,196.3778075,3.09E+01,2.19974344,0.266666667,18.79493738,70.48101517,5.2797404,20.230373,0.78804088,-1.3217558,2.9332876,1,0,0.0001126,0,Broken or Intact Sheet,0.06442849,0.11999371,0.32879763,0.08860783,0.39817234
Splash,Splash,2.5452945,0.15,0.02,0.0005,13,46.6,119,B,N,N,OUT,,55.9,217,9,0.00008022,0.0028661,0.23725992,0.23710675,0.52268702,0.52268702,1000.3,33,0.49,196.3778075,5.50E+01,0.034370991,0.025,2.564096247,102.5638499,5.2797404,19.655009,-3.3708422,-3.6888794,0.94130616,2,1,0.7118816,1,Splash,0.10705936,0.1754184,0.36485982,0.07729354,0.27536887
Broken Sheet,Broken Sheet,2.5452945,0.15,0.02,0.0015,13,51.4,198,M,Y,N,Fall,Sheet Changes Concavity,61.7,218,10,0.00025954,0.00921286,0.49623887,0.24146051,0.25282822,0.49623887,1000.3,33,0.49,196.3778075,5.50E+01,0.309338921,0.075,7.496525153,99.95366871,5.2797404,19.655009,-1.1736177,-2.5902671,2.0141396,2,0,0.2567633,0,Broken or Intact Sheet,0.09198509,0.15762333,0.35837869,0.08178487,0.31022802
Broken Sheet,Broken Sheet,2.5452945,0.15,0.02,0.003,13,53.8,194,M,N,N,Fall,,64.5,219,11,0.0015091,0.05122776,0.80350726,0.08882476,0.05493113,0.80350726,1000.3,33,0.49,196.3778075,5.50E+01,1.237355685,0.15,14.441751,96.27833998,5.2797404,19.655009,0.21267665,-1.89712,2.6698234,2,0,0.0114572,0,Broken or Intact Sheet,0.07399435,0.13385154,0.34238453,0.08663764,0.36313194
Intact Sheet,Intact Sheet,2.5452945,0.15,0.02,0.004,13,56.9,N,N,N,N,Stick,,68.3,220,12,0.0048673,0.14779551,0.79801655,0.0316769,0.01764374,0.79801655,1000.3,33,0.49,196.3778075,5.50E+01,2.19974344,0.2,18.79493738,93.97468689,5.2797404,19.655009,0.78804088,-1.6094378,2.9332876,2,0,0.0008884,0,Broken or Intact Sheet,0.06442849,0.11999371,0.32879763,0.08860783,0.39817234
Splash,Splash,2.5452945,0.15,0.025,0.0005,13,57.3,156,B,T,N,BUP,,68.8,221,13,0.00002274,0.00081419,0.08140768,0.12338157,0.79437382,0.79437382,1000.3,33,0.49,196.3778075,8.59E+01,0.034370991,0.02,2.564096247,128.2048123,5.2797404,19.208721,-3.3708422,-3.912023,0.94130616,2,1,0.9517231,1,Splash,0.10705936,0.1754184,0.36485982,0.07729354,0.27536887
Broken Sheet,Broken Sheet,2.5452945,0.15,0.025,0.0015,13,67.3,196,M,N,N,Fall,Fall Over,80.8,222,14,0.00007358,0.00262981,0.22210917,0.23102802,0.54415941,0.54415941,1000.3,33,0.49,196.3778075,8.59E+01,0.309338921,0.06,7.496525153,124.9420859,5.2797404,19.208721,-1.1736177,-2.8134107,2.0141396,2,0,0.7228993,1,Broken or Intact Sheet,0.09198509,0.15762333,0.35837869,0.08178487,0.31022802
Intact Sheet,Intact Sheet,2.5452945,0.15,0.025,0.003,13,68.3,N,N,N,N,Fall,,81.9,223,15,0.00042823,0.01510763,0.61248953,0.20181461,0.17015999,0.61248953,1000.3,33,0.49,196.3778075,8.59E+01,1.237355685,0.12,14.441751,120.347925,5.2797404,19.208721,0.21267665,-2.1202635,2.6698234,2,0,0.0748878,0,Broken or Intact Sheet,0.07399435,0.13385154,0.34238453,0.08663764,0.36313194
Intact Sheet,Intact Sheet,2.5452945,0.15,0.025,0.004,13,62.3,N,N,N,N,Stick,,74.8,224,16,0.00138452,0.04720439,0.79670409,0.09512041,0.05958659,0.79670409,1000.3,33,0.49,196.3778075,8.59E+01,2.19974344,0.16,18.79493738,117.4683586,5.2797404,19.208721,0.78804088,-1.8325814,2.9332876,2,0,0.0058772,0,Broken or Intact Sheet,0.06442849,0.11999371,0.32879763,0.08860783,0.39817234
Crater,Crater,2.5452945,0.25,0.01,0.0005,13,23.1,N,N,N,N,Stuck,,27.7,225,1,0.00249178,0.08177047,0.82352446,0.0582409,0.03397241,0.82352446,1000.5,64,0.96,101.2775524,6.95E+00,0.017369792,0.05,1.3091918,26.18383599,4.6173649,20.358623,-4.0535225,-2.9957322,0.26891016,1,0,0.0037313,0,Crater,0.11122799,0.18002092,0.36581443,0.07604079,0.26689587
Crater,Crater,2.5452945,0.25,0.01,0.0015,13,20.3,N,N,N,N,Stuck,,24.4,226,2,0.00801916,0.2214341,0.74011309,0.01968362,0.01075002,0.74011309,1000.5,64,0.96,101.2775524,6.95E+00,0.156328125,0.15,3.828592711,25.5239514,4.6173649,20.358623,-1.856298,-1.89712,1.3419974,1,0,0.0015111,0,Crater,0.10300182,0.17080869,0.36361006,0.07851328,0.28406615
Crater,Crater,2.5452945,0.25,0.01,0.003,13,21.3,N,N,N,N,Stuck,,25.6,227,3,0.04494726,0.58923286,0.36045709,0.00349966,0.00186313,0.58923286,1000.5,64,0.96,101.2775524,6.95E+00,0.6253125,0.3,7.378265057,24.59421686,4.6173649,20.358623,-0.47000361,-1.2039728,1.9980386,1,0,0.0003092,0,Crater,0.0923273,0.15804804,0.35858622,0.08168501,0.30935343
Crater,Crater,2.5452945,0.25,0.01,0.004,13,25.3,N,N,N,N,Stuck,,30.4,228,4,0.1321729,0.71654585,0.14961795,0.00108684,0.00057646,0.71654585,1000.5,64,0.96,101.2775524,6.95E+00,1.111666667,0.4,9.604452447,24.01113112,4.6173649,20.358623,0.10536061,-0.91629066,2.2617269,1,0,0.0000917,0,Crater,0.08614987,0.15022725,0.35433626,0.08345733,0.32582929
Intact Sheet,Intact Sheet,2.5452945,0.25,0.015,0.0005,13,38.8,N,N,N,N,Stuck,,46.5,229,5,0.00070758,0.02471218,0.71076287,0.15344664,0.11037073,0.71076287,1000.5,64,0.96,101.2775524,1.56E+01,0.017369792,0.033333333,1.3091918,39.27575399,4.6173649,19.547693,-4.0535225,-3.4011973,0.26891016,2,0,0.0161254,0,Broken or Intact Sheet,0.11122799,0.18002092,0.36581443,0.07604079,0.26689587
Crater,Crater,2.5452945,0.25,0.015,0.0015,13,31.4,N,N,N,N,Stuck,Bad Droplet,37.7,230,6,0.00228625,0.07555221,0.82246639,0.06277416,0.03692099,0.82246639,1000.5,64,0.96,101.2775524,1.56E+01,0.156328125,0.1,3.828592711,38.28592711,4.6173649,19.547693,-1.856298,-2.3025851,1.3419974,2,0,0.0062884,0,Crater,0.10300182,0.17080869,0.36361006,0.07851328,0.28406615
Crater,Crater,2.5452945,0.25,0.015,0.003,13,30.5,N,N,N,N,Stuck,,36.6,231,7,0.01316474,0.3163254,0.65184386,0.01212399,0.00654201,0.65184386,1000.5,64,0.96,101.2775524,1.56E+01,0.6253125,0.2,7.378265057,36.89132529,4.6173649,19.547693,-0.47000361,-1.6094379,1.9980386,2,0,0.0012092,0,Crater,0.0923273,0.15804804,0.35858622,0.08168501,0.30935343
Crater,Crater,2.5452945,0.25,0.015,0.004,13,30,N,N,N,N,Stuck,,36,232,8,0.04138522,0.57255451,0.380217,0.00381257,0.0020307,0.57255451,1000.5,64,0.96,101.2775524,1.56E+01,1.111666667,0.266666667,9.604452447,36.01669668,4.6173649,19.547693,0.10536061,-1.3217558,2.2617269,2,0,0.0003441,0,Crater,0.08614987,0.15022725,0.35433626,0.08345733,0.32582929
Intact Sheet,Intact Sheet,2.5452945,0.25,0.02,0.0005,13,49.8,N,N,N,N,Stuck,,59.8,233,9,0.00020067,0.00713849,0.43431221,0.25391557,0.30443306,0.43431221,1000.5,64,0.96,101.2775524,2.78E+01,0.017369792,0.025,1.3091918,52.36767198,4.6173649,18.972328,-4.0535225,-3.6888794,0.26891016,3,0,0.0492701,0,Broken or Intact Sheet,0.11122799,0.18002092,0.36581443,0.07604079,0.26689587
Intact Sheet,Intact Sheet,2.5452945,0.25,0.02,0.0015,13,43.4,N,N,N,N,Stuck,,52.1,234,10,0.00064912,0.02271827,0.69571863,0.16178151,0.11913246,0.69571863,1000.5,64,0.96,101.2775524,2.78E+01,0.156328125,0.075,3.828592711,51.04790281,4.6173649,18.972328,-1.856298,-2.5902671,1.3419974,3,0,0.0189538,0,Broken or Intact Sheet,0.10300182,0.17080869,0.36361006,0.07851328,0.28406615
Crater,Crater,2.5452945,0.25,0.02,0.003,13,40.2,N,N,N,N,Stuck,,48.2,235,11,0.00376722,0.11849543,0.81485395,0.04017975,0.02270365,0.81485395,1000.5,64,0.96,101.2775524,2.78E+01,0.6253125,0.15,7.378265057,49.18843371,4.6173649,18.972328,-0.47000361,-1.89712,1.9980386,3,0,0.0035023,0,Crater,0.0923273,0.15804804,0.35858622,0.08168501,0.30935343
Crater,Crater,2.5452945,0.25,0.02,0.004,13,36,N,N,N,N,Stuck,,43.2,236,12,0.01208956,0.29862503,0.66897138,0.01318665,0.00712738,0.66897138,1000.5,64,0.96,101.2775524,2.78E+01,1.111666667,0.2,9.604452447,48.02226223,4.6173649,18.972328,0.10536061,-1.6094378,2.2617269,3,0,0.0009667,0,Crater,0.08614987,0.15022725,0.35433626,0.08345733,0.32582929
Intact Sheet,Intact Sheet,2.5452945,0.25,0.025,0.0005,13,55.9,N,N,N,N,Stuck,,67.1,237,13,0.00005689,0.00203447,0.18105915,0.20992376,0.60692574,0.60692574,1000.5,64,0.96,101.2775524,4.34E+01,0.017369792,0.02,1.3091918,65.45958998,4.6173649,18.526041,-4.0535225,-3.912023,0.26891016,3,0,0.1298679,0,Broken or Intact Sheet,0.11122799,0.18002092,0.36581443,0.07604079,0.26689587
Intact Sheet,Intact Sheet,2.5452945,0.25,0.025,0.0015,13,56.3,N,N,N,N,Stuck,,67.6,238,14,0.00018409,0.00655243,0.41375612,0.25650045,0.32300691,0.41375612,1000.5,64,0.96,101.2775524,4.34E+01,0.156328125,0.06,3.828592711,63.80987851,4.6173649,18.526041,-1.856298,-2.8134107,1.3419974,3,0,0.0511865,0,Broken or Intact Sheet,0.10300182,0.17080869,0.36361006,0.07851328,0.28406615
Crater,Crater,2.5452945,0.25,0.025,0.003,13,45.8,N,N,N,N,Stuck,,54.9,239,15,0.00107075,0.03691349,0.7706007,0.1156676,0.07574747,0.7706007,1000.5,64,0.96,101.2775524,4.34E+01,0.6253125,0.12,7.378265057,61.48554214,4.6173649,18.526041,-0.47000361,-2.1202635,1.9980386,3,0,0.0093031,0,Crater,0.0923273,0.15804804,0.35858622,0.08168501,0.30935343
Crater,Crater,2.5452945,0.25,0.025,0.004,13,49,N,N,N,N,Stuck,Vertical End,58.8,240,16,0.00345685,0.10984345,0.81853547,0.04346503,0.02469919,0.81853547,1000.5,64,0.96,101.2775524,4.34E+01,1.111666667,0.16,9.604452447,60.02782779,4.6173649,18.526041,0.10536061,-1.8325814,2.2617269,3,0,0.0025074,0,Crater,0.08614987,0.15022725,0.35433626,0.08345733,0.32582929
Lump,Lump,2.5452945,1,0.01,0.0005,13,13.5,N,N,N,Y,Stuck,Fill back,16.2,241,1,0.70804,0.28088965,0.01096573,0.0000684,0.00003622,0.70804,1002,106,2.1,61.24038811,2.41E+00,0.006021088,0.05,0.601272573,12.02545146,4.1128089,19.29766,-5.1144851,-2.9957322,-0.51070488,2,0,0.0021688,0,Lump,0.11364385,0.18262754,0.36622611,0.07531666,0.26218583
Lump,Lump,2.5452945,1,0.01,0.0015,13,16.1,N,N,N,Y,Stuck,Fill back,19.3,242,2,0.88698214,0.10957069,0.00341484,0.00002114,0.00001119,0.88698214,1002,106,2.1,61.24038811,2.41E+00,0.054189796,0.15,1.769079245,11.79386163,4.1128089,19.29766,-2.9172606,-1.89712,0.56846121,2,0,0.0015118,0,Lump,0.10969353,0.17834227,0.36550002,0.0765016,0.26996258
Lump,Lump,2.5452945,1,0.01,0.003,13,16.1,N,N,N,Y,Stuck,Boing,19.3,243,3,0.97858198,0.0208242,0.00058827,3.63E-06,1.92E-06,0.97858198,1002,106,2.1,61.24038811,2.41E+00,0.216759184,0.3,3.438819723,11.46273241,4.1128089,19.29766,-1.5309663,-1.2039728,1.2331303,2,0,0.000813,0,Lump,0.10425472,0.17224594,0.36403144,0.07813688,0.28133102
Lump,Lump,2.5452945,1,0.01,0.004,13,14.3,N,N,N,Y,Stuck,Great boing,17.2,244,4,0.99328229,0.00653414,0.00018185,1.12E-06,5.94E-07,0.99328229,1002,106,2.1,61.24038811,2.41E+00,0.38534966,0.4,4.500847883,11.25211971,4.1128089,19.29766,-0.95560206,-0.91629066,1.5022678,2,0,0.0005095,0,Lump,0.10092058,0.16839358,0.36283684,0.07913752,0.28871148
Lump,Lump,2.5452945,1,0.015,0.0005,13,24,N,N,N,Y,Stuck,Fill back,28.8,245,5,0.40738166,0.55462713,0.03762222,0.00024122,0.00012778,0.55462713,1002,106,2.1,61.24038811,5.42E+00,0.006021088,0.033333333,0.601272573,18.03817719,4.1128089,18.48673,-5.1144851,-3.4011973,-0.51070488,3,0,0.0040008,0,Lump,0.11364385,0.18262754,0.36622611,0.07531666,0.26218583
Lump,Lump,2.5452945,1,0.015,0.0015,13,24,N,N,N,Y,Stuck,Fill back,28.8,246,6,0.68988787,0.29805614,0.01194195,0.00007456,0.00003949,0.68988787,1002,106,2.1,61.24038811,5.42E+00,0.054189796,0.1,1.769079245,17.69079245,4.1128089,18.48673,-2.9172606,-2.3025851,0.56846121,3,0,0.0027097,0,Lump,0.10969353,0.17834227,0.36550002,0.0765016,0.26996258
Lump,Lump,2.5452945,1,0.015,0.003,13,22.7,N,N,N,Y,Stuck,Boing,27.2,247,7,0.92832155,0.0695867,0.00207217,0.00001281,6.78E-06,0.92832155,1002,106,2.1,61.24038811,5.42E+00,0.216759184,0.2,3.438819723,17.19409862,4.1128089,18.48673,-1.5309663,-1.6094379,1.2331303,3,0,0.001396,0,Lump,0.10425472,0.17224594,0.36403144,0.07813688,0.28133102
Lump,Lump,2.5452945,1,0.015,0.004,13,18.5,N,N,N,Y,Stuck,Boing,22.2,248,8,0.97669675,0.02265595,0.00064125,3.96E-06,2.10E-06,0.97669675,1002,106,2.1,61.24038811,5.42E+00,0.38534966,0.266666667,4.500847883,16.87817956,4.1128089,18.48673,-0.95560206,-1.3217558,1.5022678,3,0,0.0008503,0,Lump,0.10092058,0.16839358,0.36283684,0.07913752,0.28871148
Lump,Lump,2.5452945,1,0.02,0.0005,13,32.8,N,N,N,Y,Stuck,Fill back,39.3,249,9,0.16308049,0.71463636,0.12098263,0.0008499,0.00045062,0.71463636,1002,106,2.1,61.24038811,9.63E+00,0.006021088,0.025,0.601272573,24.05090292,4.1128089,17.911366,-5.1144851,-3.6888794,-0.51070488,3,0,0.0066126,0,Lump,0.11364385,0.18262754,0.36622611,0.07531666,0.26218583
Lump,Lump,2.5452945,1,0.02,0.0015,13,30,N,N,N,Y,Stuck,Fill back,36,250,10,0.38672757,0.57199872,0.04087147,0.00026294,0.00013929,0.57199872,1002,106,2.1,61.24038811,9.63E+00,0.054189796,0.075,1.769079245,23.58772326,4.1128089,17.911366,-2.9172606,-2.5902671,0.56846121,3,0,0.0043982,0,Lump,0.10969353,0.17834227,0.36550002,0.0765016,0.26996258
Lump,Lump,2.5452945,1,0.02,0.003,13,30.4,N,N,N,Y,Stuck,Fill back,36.5,251,11,0.78591981,0.20673963,0.00727144,0.00004519,0.00002393,0.78591981,1002,106,2.1,61.24038811,9.63E+00,0.216759184,0.15,3.438819723,22.92546482,4.1128089,17.911366,-1.5309663,-1.89712,1.2331303,3,0,0.0022053,0,Lump,0.10425472,0.17224594,0.36403144,0.07813688,0.28133102
Lump,Lump,2.5452945,1,0.02,0.004,13,35.6,N,N,N,Y,Stuck,Fill Back,42.7,252,12,0.92236333,0.07535683,0.00225848,0.00001396,7.39E-06,0.92236333,1002,106,2.1,61.24038811,9.63E+00,0.38534966,0.2,4.500847883,22.50423941,4.1128089,17.911366,-0.95560206,-1.6094378,1.5022678,3,0,0.0013194,0,Lump,0.10092058,0.16839358,0.36283684,0.07913752,0.28871148
Lump,Lump,2.5452945,1,0.025,0.0005,13,42,N,N,N,Y,Stuck,Fill back,50.4,253,13,0.05234332,0.61812432,0.32495936,0.00298508,0.00158792,0.61812432,1002,106,2.1,61.24038811,1.51E+01,0.006021088,0.02,0.601272573,30.06362865,4.1128089,17.465079,-5.1144851,-3.912023,-0.51070488,3,0,0.0105816,0,Lump,0.11364385,0.18262754,0.36622611,0.07531666,0.26218583
Lump,Lump,2.5452945,1,0.025,0.0015,13,37.9,N,N,N,Y,Stuck,Fill Back,45.5,254,14,0.15164298,0.71650663,0.13043283,0.00092635,0.00049122,0.71650663,1002,106,2.1,61.24038811,1.51E+01,0.054189796,0.06,1.769079245,29.48465408,4.1128089,17.465079,-2.9172606,-2.8134107,0.56846121,3,0,0.0069441,0,Lump,0.10969353,0.17834227,0.36550002,0.0765016,0.26996258
Lump,Lump,2.5452945,1,0.025,0.003,13,41.5,N,N,N,Y,Stuck,Fill back,49.8,255,15,0.50995374,0.46462177,0.02518071,0.00015937,0.00008441,0.50995374,1002,106,2.1,61.24038811,1.51E+01,0.216759184,0.12,3.438819723,28.65683103,4.1128089,17.465079,-1.5309663,-2.1202635,1.2331303,3,0,0.0034116,0,Lump,0.10425472,0.17224594,0.36403144,0.07813688,0.28133102
Lump,Lump,2.5452945,1,0.025,0.004,13,41.1,N,N,N,Y,Stuck,Fill Back,49.3,256,16,0.77104397,0.22095922,0.00792146,0.00004926,0.00002608,0.77104397,1002,106,2.1,61.24038811,1.51E+01,0.38534966,0.16,4.500847883,28.13029927,4.1128089,17.465079,-0.95560206,-1.8325814,1.5022678,3,0,0.0020136,0,Lump,0.10092058,0.16839358,0.36283684,0.07913752,0.28871148